{
    "random_state": 42,
    "overall_accuracy": 0.7303749267721148,
    "overall_precision": 0.7299156004781109,
    "overall_recall": 0.7303749267721148,
    "overall_f1": 0.7293928422275174,
    "cv_accuracies": [
        0.7247437774524158,
        0.7101024890190337,
        0.7159590043923866,
        0.7598828696925329,
        0.7276720351390923,
        0.739385065885798,
        0.7452415812591509,
        0.7423133235724744,
        0.7199413489736071,
        0.718475073313783
    ],
    "mean_cv_accuracy": 0.7303716568700275,
    "std_cv_accuracy": 0.01491212930294838,
    "cv_precisions": [
        0.7234793135422318,
        0.7142424654619776,
        0.7149345220753273,
        0.7605322830886742,
        0.7283006733374909,
        0.7399663668634998,
        0.7470953460261845,
        0.7419312852904584,
        0.7196247373324266,
        0.7185824494845674
    ],
    "mean_cv_precision": 0.7308689442502838,
    "std_cv_precision": 0.014890556337480775,
    "cv_recalls": [
        0.7246824844784502,
        0.7100948038230671,
        0.7159169951309993,
        0.7598217275935801,
        0.727554937269753,
        0.7393732127676018,
        0.7453564160032976,
        0.7424259989179999,
        0.719935852847979,
        0.7186026740860963
    ],
    "mean_cv_recall": 0.7303765102918824,
    "std_cv_recall": 0.014919745895203737,
    "cv_f1s": [
        0.7229523858327601,
        0.7086693843099047,
        0.7152133431606886,
        0.7594646910808903,
        0.7252298451378936,
        0.739313721358192,
        0.7443251896071968,
        0.741650917829006,
        0.7189191966482381,
        0.7170298916818432
    ],
    "mean_cv_f1": 0.7292768566646612,
    "std_cv_f1": 0.015256836331632696,
    "feature_importances": {
        "team_id": 0.06081775412151984,
        "opponent_id": 0.06108314130535789,
        "team_ELO_before": 0.097595793025923,
        "opponent_ELO_before": 0.09879279751068878,
        "opponent_rest_days": 0.049924364827510316,
        "team_rest_days": 0.049010170347339524,
        "is_home": 0.01694600786354552,
        "team_h2h_win_percent": 0.0678073701310484,
        "opponent_h2h_win_percent": 0.06859643671757218,
        "team_ppg": 0.09170899250580583,
        "opponent_ppg": 0.09029182934474768,
        "team_ppg_mc": 0.07659862773287208,
        "opponent_ppg_mc": 0.0776679337824034,
        "team_home_advantage": 0.04605126444906464,
        "opponent_home_advantage": 0.047107516334600974
    },
    "high_confidence_threshold": 0.51,
    "high_confidence_accuracy": 0.883248730964467,
    "high_confidence_precision": 0.8804925664368831,
    "high_confidence_recall": 0.8842353599684811,
    "high_confidence_f1": 0.8797061368015725,
    "number_high_confidence_predictions": 4531,
    "overall_confusion_matrix": [
        [
            1586,
            325,
            365
        ],
        [
            230,
            1840,
            206
        ],
        [
            403,
            312,
            1561
        ]
    ]
}