{
    "model_name": "/root/barnard/ML/Models/netherlands_eredivisie/Training-Results/Match-Result/v6-shocked-clasp-rs42/v6-shocked-clasp-rs42.joblib",
    "accuracy": 0.7,
    "precision_macro": 0.5893541324575807,
    "recall_macro": 0.609600925390399,
    "f1_score_macro": 0.5635031728256812,
    "classification_report": {
        "0": {
            "precision": 0.3333333333333333,
            "recall": 0.07692307692307693,
            "f1-score": 0.125,
            "support": 13.0
        },
        "1": {
            "precision": 0.6071428571428571,
            "recall": 0.8947368421052632,
            "f1-score": 0.723404255319149,
            "support": 19.0
        },
        "2": {
            "precision": 0.8275862068965517,
            "recall": 0.8571428571428571,
            "f1-score": 0.8421052631578947,
            "support": 28.0
        },
        "accuracy": 0.7,
        "macro avg": {
            "precision": 0.5893541324575807,
            "recall": 0.609600925390399,
            "f1-score": 0.5635031728256812,
            "support": 60.0
        },
        "weighted avg": {
            "precision": 0.6506910235358511,
            "recall": 0.7,
            "f1-score": 0.6491438036580813,
            "support": 60.0
        }
    },
    "confusion_matrix": [
        [
            1,
            8,
            4
        ],
        [
            1,
            17,
            1
        ],
        [
            1,
            3,
            24
        ]
    ]
}