{
    "team_id": 0.08485332917647483,
    "opponent_id": 0.08478974708307602,
    "team_ELO_before": 0.1331281035747963,
    "opponent_ELO_before": 0.1339789685065516,
    "h2h_btts": 0.08335491927442998,
    "team_btts_l5": 0.030773264842356374,
    "team_btts_l10": 0.03841838117970655,
    "team_btts_l20": 0.05019561658557322,
    "opponent_btts_l5": 0.030907480018465494,
    "opponent_btts_l10": 0.038826793619960005,
    "opponent_btts_l20": 0.050601323076557556,
    "team_mc_btts_l5": 0.030712504763652275,
    "team_mc_btts_l10": 0.03852446029099412,
    "team_mc_btts_l20": 0.05064707769254414,
    "opponent_mc_btts_l5": 0.030842585112323517,
    "opponent_mc_btts_l10": 0.03881333355341829,
    "opponent_mc_btts_l20": 0.05063211164911978
}