{
    "random_state": 42,
    "overall_accuracy": 0.5145131086142322,
    "overall_precision": 0.5145131372429116,
    "overall_recall": 0.5145131086142323,
    "overall_f1": 0.5145128691957113,
    "cv_accuracies": [
        0.5111111111111111,
        0.5368421052631579,
        0.5263157894736842,
        0.5134502923976608,
        0.4929742388758782,
        0.5140515222482436,
        0.4929742388758782,
        0.5292740046838408,
        0.5128805620608899,
        0.5152224824355972
    ],
    "mean_cv_accuracy": 0.5145096347425941,
    "std_cv_accuracy": 0.013415296362329458,
    "cv_precisions": [
        0.5111488685636109,
        0.5370865517924341,
        0.5263460464505109,
        0.5134445089046269,
        0.4929742003422404,
        0.5140534491837809,
        0.49297235023041475,
        0.5292765738043914,
        0.5129088820363987,
        0.5152707245547529
    ],
    "mean_cv_precision": 0.5145482155863162,
    "std_cv_precision": 0.013458358011132394,
    "cv_recalls": [
        0.5110584604609425,
        0.5368852459016393,
        0.5263301888857275,
        0.5134414191599729,
        0.4929742388758782,
        0.5140515222482436,
        0.4929742388758782,
        0.5292740046838408,
        0.5128805620608899,
        0.5152224824355972
    ],
    "mean_cv_recall": 0.514509236358861,
    "std_cv_recall": 0.013425163792614301,
    "cv_f1s": [
        0.5100917883932097,
        0.5362324398956804,
        0.5262509833430242,
        0.5134176771877599,
        0.4929735436676882,
        0.5140348639980474,
        0.4929401714324109,
        0.5292636774989716,
        0.5126132503608097,
        0.5148393116886681
    ],
    "mean_cv_f1": 0.5142657707466269,
    "std_cv_f1": 0.013343581541939684,
    "feature_importances": {
        "team_id": 0.08485332917647483,
        "opponent_id": 0.08478974708307602,
        "team_ELO_before": 0.1331281035747963,
        "opponent_ELO_before": 0.1339789685065516,
        "h2h_btts": 0.08335491927442998,
        "team_btts_l5": 0.030773264842356374,
        "team_btts_l10": 0.03841838117970655,
        "team_btts_l20": 0.05019561658557322,
        "opponent_btts_l5": 0.030907480018465494,
        "opponent_btts_l10": 0.038826793619960005,
        "opponent_btts_l20": 0.050601323076557556,
        "team_mc_btts_l5": 0.030712504763652275,
        "team_mc_btts_l10": 0.03852446029099412,
        "team_mc_btts_l20": 0.05064707769254414,
        "opponent_mc_btts_l5": 0.030842585112323517,
        "opponent_mc_btts_l10": 0.03881333355341829,
        "opponent_mc_btts_l20": 0.05063211164911978
    },
    "high_confidence_threshold": 0.51,
    "high_confidence_accuracy": 0.5197221858209933,
    "high_confidence_precision": 0.5197219570384416,
    "high_confidence_recall": 0.519721981423298,
    "high_confidence_f1": 0.519721888905823,
    "number_high_confidence_predictions": 7631,
    "overall_confusion_matrix": [
        [
            2201,
            2071
        ],
        [
            2077,
            2195
        ]
    ]
}