{
    "model_name": "/root/barnard/ML/Models/kazakhstan_kazakhstan_premier_league/Training-Results/Match-Result/v6-crested-sob-rs42/v6-crested-sob-rs42.joblib",
    "accuracy": 0.4262295081967213,
    "precision_macro": 0.3566666666666667,
    "recall_macro": 0.4062962962962963,
    "f1_score_macro": 0.36632605120977213,
    "classification_report": {
        "0": {
            "precision": 0.16666666666666666,
            "recall": 0.05555555555555555,
            "f1-score": 0.08333333333333333,
            "support": 36.0
        },
        "1": {
            "precision": 0.42,
            "recall": 0.5833333333333334,
            "f1-score": 0.4883720930232558,
            "support": 36.0
        },
        "2": {
            "precision": 0.48333333333333334,
            "recall": 0.58,
            "f1-score": 0.5272727272727272,
            "support": 50.0
        },
        "accuracy": 0.4262295081967213,
        "macro avg": {
            "precision": 0.3566666666666667,
            "recall": 0.4062962962962963,
            "f1-score": 0.36632605120977213,
            "support": 122.0
        },
        "weighted avg": {
            "precision": 0.3712021857923497,
            "recall": 0.4262295081967213,
            "f1-score": 0.384795341905521,
            "support": 122.0
        }
    },
    "confusion_matrix": [
        [
            2,
            14,
            20
        ],
        [
            4,
            21,
            11
        ],
        [
            6,
            15,
            29
        ]
    ]
}