team_name,Accuracy
Ordabasy,77.77777777777779
Zhenys,70.0
Kyzyl-Zhar,60.0
Yelimay Semey,50.0
Astana,50.0
Turan Turkistan,44.44444444444444
Shakhter Karagandy,40.0
Atyrau,40.0
Aktobe,36.36363636363637
Kairat,33.33333333333333
Kaisar,22.22222222222222
Tobol,22.22222222222222
Zhetysu,10.0
