{
    "model_name": "v6-lucent-mock-rs42",
    "accuracy": 0.675,
    "precision_macro": 0.6130952380952381,
    "recall_macro": 0.6272893772893773,
    "f1_score_macro": 0.6131633798300465,
    "classification_report": {
        "0": {
            "precision": 0.42857142857142855,
            "recall": 0.2857142857142857,
            "f1-score": 0.34285714285714286,
            "support": 21.0
        },
        "1": {
            "precision": 0.625,
            "recall": 0.75,
            "f1-score": 0.6818181818181818,
            "support": 20.0
        },
        "2": {
            "precision": 0.7857142857142857,
            "recall": 0.8461538461538461,
            "f1-score": 0.8148148148148148,
            "support": 39.0
        },
        "accuracy": 0.675,
        "macro avg": {
            "precision": 0.6130952380952381,
            "recall": 0.6272893772893773,
            "f1-score": 0.6131633798300465,
            "support": 80.0
        },
        "weighted avg": {
            "precision": 0.6517857142857142,
            "recall": 0.675,
            "f1-score": 0.6576767676767676,
            "support": 80.0
        }
    },
    "confusion_matrix": [
        [
            6,
            8,
            7
        ],
        [
            3,
            15,
            2
        ],
        [
            5,
            1,
            33
        ]
    ]
}