{
    "model_name": "/root/barnard/ML/Models/moldova_moldovan_national_division/Training-Results/Match-Result/v6-extinct-rap-rs42/v6-extinct-rap-rs42.joblib",
    "accuracy": 0.7096774193548387,
    "precision_macro": 0.6771929824561402,
    "recall_macro": 0.6132478632478633,
    "f1_score_macro": 0.6060606060606061,
    "classification_report": {
        "0": {
            "precision": 0.5,
            "recall": 0.16666666666666666,
            "f1-score": 0.25,
            "support": 6.0
        },
        "1": {
            "precision": 0.9,
            "recall": 0.75,
            "f1-score": 0.8181818181818182,
            "support": 12.0
        },
        "2": {
            "precision": 0.631578947368421,
            "recall": 0.9230769230769231,
            "f1-score": 0.75,
            "support": 13.0
        },
        "accuracy": 0.7096774193548387,
        "macro avg": {
            "precision": 0.6771929824561402,
            "recall": 0.6132478632478633,
            "f1-score": 0.6060606060606061,
            "support": 31.0
        },
        "weighted avg": {
            "precision": 0.7100169779286927,
            "recall": 0.7096774193548387,
            "f1-score": 0.6796187683284458,
            "support": 31.0
        }
    },
    "confusion_matrix": [
        [
            1,
            0,
            5
        ],
        [
            1,
            9,
            2
        ],
        [
            0,
            1,
            12
        ]
    ]
}