{
    "model_name": "/root/barnard/ML/Models/hungary_nb_i/Training-Results/Match-Result/v6-homely-cell-rs42/v6-homely-cell-rs42.joblib",
    "accuracy": 0.7209302325581395,
    "precision_macro": 0.6254789272030652,
    "recall_macro": 0.5728395061728394,
    "f1_score_macro": 0.5692640692640693,
    "classification_report": {
        "0": {
            "precision": 0.5,
            "recall": 0.16666666666666666,
            "f1-score": 0.25,
            "support": 6.0
        },
        "1": {
            "precision": 0.5833333333333334,
            "recall": 0.7,
            "f1-score": 0.6363636363636364,
            "support": 10.0
        },
        "2": {
            "precision": 0.7931034482758621,
            "recall": 0.8518518518518519,
            "f1-score": 0.8214285714285714,
            "support": 27.0
        },
        "accuracy": 0.7209302325581395,
        "macro avg": {
            "precision": 0.6254789272030652,
            "recall": 0.5728395061728394,
            "f1-score": 0.5692640692640693,
            "support": 43.0
        },
        "weighted avg": {
            "precision": 0.7034215450414328,
            "recall": 0.7209302325581395,
            "f1-score": 0.698655995167623,
            "support": 43.0
        }
    },
    "confusion_matrix": [
        [
            1,
            1,
            4
        ],
        [
            1,
            7,
            2
        ],
        [
            0,
            4,
            23
        ]
    ]
}