{
    "team_id": 0.1000829997815074,
    "opponent_id": 0.100149747204206,
    "team_ELO_before": 0.1230411319731066,
    "opponent_ELO_before": 0.12292268625674116,
    "opponent_rest_days": 0.05760689714653627,
    "team_rest_days": 0.057575764989815106,
    "is_home": 0.010092239233445174,
    "team_h2h_win_percent": 0.07211273374420582,
    "opponent_h2h_win_percent": 0.07234935835024173,
    "team_ppg_mc": 0.09014977145820269,
    "opponent_ppg_mc": 0.09005133291562317,
    "team_home_advantage": 0.051874681027028434,
    "opponent_home_advantage": 0.05199065591934053
}