{
    "random_state": 42,
    "overall_accuracy": 0.6906736706294351,
    "overall_precision": 0.6923822068425345,
    "overall_recall": 0.690673670629435,
    "overall_f1": 0.6908687491190578,
    "cv_accuracies": [
        0.6925558058570551,
        0.6894839238173254,
        0.6958836780667622,
        0.6972660249846406,
        0.687896784763465,
        0.6851832889617039,
        0.6893303297153389,
        0.6911222609051813,
        0.692181659925247,
        0.6858327786595668
    ],
    "mean_cv_accuracy": 0.6906736535656286,
    "std_cv_accuracy": 0.0037567365455650936,
    "cv_precisions": [
        0.6951803484396365,
        0.6908727549266809,
        0.6978508056126939,
        0.6996469746329841,
        0.6896505430292278,
        0.6865028296153683,
        0.691226004386401,
        0.692457554753057,
        0.693690422727638,
        0.6870796670574513
    ],
    "mean_cv_precision": 0.6924157905181139,
    "std_cv_precision": 0.004074053124089828,
    "cv_recalls": [
        0.692558546201265,
        0.6894863967653936,
        0.6958818362685762,
        0.6972643011554828,
        0.6878949036028122,
        0.6851810748724656,
        0.6893293503144822,
        0.6911215043304163,
        0.6921838917211511,
        0.6858350707137624
    ],
    "mean_cv_recall": 0.6906736875945807,
    "std_cv_recall": 0.003756520977749338,
    "cv_f1s": [
        0.6929813663697363,
        0.6897077533466479,
        0.6961327407597616,
        0.6975553159346033,
        0.6880987859524282,
        0.6854670473731813,
        0.6895578531105667,
        0.6911446965916762,
        0.6922784842948815,
        0.6857585199938177
    ],
    "mean_cv_f1": 0.6908682563727301,
    "std_cv_f1": 0.0038076017675513487,
    "feature_importances": {
        "team_id": 0.1000829997815074,
        "opponent_id": 0.100149747204206,
        "team_ELO_before": 0.1230411319731066,
        "opponent_ELO_before": 0.12292268625674116,
        "opponent_rest_days": 0.05760689714653627,
        "team_rest_days": 0.057575764989815106,
        "is_home": 0.010092239233445174,
        "team_h2h_win_percent": 0.07211273374420582,
        "opponent_h2h_win_percent": 0.07234935835024173,
        "team_ppg_mc": 0.09014977145820269,
        "opponent_ppg_mc": 0.09005133291562317,
        "team_home_advantage": 0.051874681027028434,
        "opponent_home_advantage": 0.05199065591934053
    },
    "high_confidence_threshold": 0.51,
    "high_confidence_accuracy": 0.9026159290067992,
    "high_confidence_precision": 0.8820725013096032,
    "high_confidence_recall": 0.8998965834414362,
    "high_confidence_f1": 0.8876356955145241,
    "number_high_confidence_predictions": 107954,
    "overall_confusion_matrix": [
        [
            43978,
            7509,
            13619
        ],
        [
            5272,
            48504,
            11330
        ],
        [
            10371,
            12316,
            42419
        ]
    ]
}