{
    "random_state": 42,
    "overall_accuracy": 0.6998722860791826,
    "overall_precision": 0.6988708308646799,
    "overall_recall": 0.6998722860791826,
    "overall_f1": 0.698770790203031,
    "cv_accuracies": [
        0.6953748006379585,
        0.7017543859649122,
        0.696969696969697,
        0.7192982456140351,
        0.6869009584664537,
        0.6741214057507987,
        0.7204472843450479,
        0.6932907348242812,
        0.707667731629393,
        0.7028753993610224
    ],
    "mean_cv_accuracy": 0.69987006435636,
    "std_cv_accuracy": 0.013331769433560564,
    "cv_precisions": [
        0.6947259732507302,
        0.7008749518529119,
        0.6975180110523729,
        0.7191654293103568,
        0.6869995586242726,
        0.6709166024234517,
        0.720196796667385,
        0.6931106862456978,
        0.7070278809615304,
        0.7014036609941782
    ],
    "mean_cv_precision": 0.6991939551382889,
    "std_cv_precision": 0.013846110900453845,
    "cv_recalls": [
        0.6953748006379584,
        0.7017543859649122,
        0.6969696969696969,
        0.7192982456140351,
        0.6868712427922955,
        0.6739050423260949,
        0.7205020856336647,
        0.6933351735983315,
        0.7077275794381057,
        0.7030272359219728
    ],
    "mean_cv_recall": 0.6998765488897067,
    "std_cv_recall": 0.013389806223904203,
    "cv_f1s": [
        0.6945708659513888,
        0.700392047107116,
        0.6942627021985276,
        0.7180154853521686,
        0.6869249171880751,
        0.6703011422637591,
        0.7198519650018977,
        0.6932124892651208,
        0.7060040154308657,
        0.7010909762548755
    ],
    "mean_cv_f1": 0.6984626606013795,
    "std_cv_f1": 0.013761753376641641,
    "feature_importances": {
        "team_id": 0.05549716025666819,
        "opponent_id": 0.05670605746890291,
        "team_ELO_before": 0.0858930018576697,
        "opponent_ELO_before": 0.08643020002277774,
        "odds_draw": 0.09157405446652687,
        "opponent_rest_days": 0.04361666949004005,
        "team_rest_days": 0.04439627502983192,
        "is_home": 0.008046228114437276,
        "team_h2h_win_percent": 0.06278934928808659,
        "opponent_h2h_win_percent": 0.06358191682869294,
        "team_ppg_mc": 0.06772994653178181,
        "opponent_ppg_mc": 0.06878343382665547,
        "pre_match_home_xg": 0.0516397177285587,
        "pre_match_away_xg": 0.052304441162220695,
        "team_home_advantage": 0.040688880067078284,
        "opponent_home_advantage": 0.0410614386729462,
        "team_away_advantage": 0.040197683808721234,
        "opponent_away_advantage": 0.039063545378403446
    },
    "high_confidence_threshold": 0.51,
    "high_confidence_accuracy": 0.8974428726877041,
    "high_confidence_precision": 0.8867338181557493,
    "high_confidence_recall": 0.8947548206453981,
    "high_confidence_f1": 0.8889322491998767,
    "number_high_confidence_predictions": 3676,
    "overall_confusion_matrix": [
        [
            1502,
            244,
            342
        ],
        [
            224,
            1584,
            280
        ],
        [
            411,
            379,
            1298
        ]
    ]
}