{
    "random_state": 42,
    "overall_accuracy": 0.7341162300511894,
    "overall_precision": 0.7336412100469633,
    "overall_recall": 0.7341162300511894,
    "overall_f1": 0.7333858268861629,
    "cv_accuracies": [
        0.718796992481203,
        0.7533834586466165,
        0.7620481927710844,
        0.7108433734939759,
        0.7620481927710844,
        0.7484939759036144,
        0.7003012048192772,
        0.7274096385542169,
        0.7439759036144579,
        0.713855421686747
    ],
    "mean_cv_accuracy": 0.7341156354742278,
    "std_cv_accuracy": 0.021472744268343245,
    "cv_precisions": [
        0.7190703216612094,
        0.7527150768178857,
        0.7622117400419288,
        0.7105988859023801,
        0.7625454833096029,
        0.7476805781090247,
        0.7008137803642475,
        0.7263354671681569,
        0.7447040440499463,
        0.713319772862107
    ],
    "mean_cv_precision": 0.7339995150286489,
    "std_cv_precision": 0.021496477004307308,
    "cv_recalls": [
        0.7187572187572187,
        0.7533053415406356,
        0.7620833503186444,
        0.710869240281005,
        0.7621580856874974,
        0.7485494544318073,
        0.7003315532727297,
        0.7274876686641392,
        0.7439430380606851,
        0.7137635372929491
    ],
    "mean_cv_recall": 0.7341248488307311,
    "std_cv_recall": 0.02148838508841688,
    "cv_f1s": [
        0.7181850205312438,
        0.75263466236727,
        0.7614594147509534,
        0.7091035999488243,
        0.7611780327460953,
        0.7476942595873916,
        0.7000119670109398,
        0.7260175265491249,
        0.7439198675914002,
        0.7132636671372886
    ],
    "mean_cv_f1": 0.7333468018220533,
    "std_cv_f1": 0.0215416607637243,
    "feature_importances": {
        "team_id": 0.06149547756367013,
        "opponent_id": 0.06015772664214808,
        "team_ELO_before": 0.09636192240884922,
        "opponent_ELO_before": 0.09355783316239147,
        "opponent_rest_days": 0.05142133575144518,
        "team_rest_days": 0.05148953992310856,
        "is_home": 0.012937721565537122,
        "team_h2h_win_percent": 0.07100961910193888,
        "opponent_h2h_win_percent": 0.0711276513788188,
        "team_ppg": 0.09238604846931467,
        "opponent_ppg": 0.09242942654702493,
        "team_ppg_mc": 0.07818208945494604,
        "opponent_ppg_mc": 0.07705969096910532,
        "team_home_advantage": 0.04490269085082823,
        "opponent_home_advantage": 0.04548122621087337
    },
    "high_confidence_threshold": 0.51,
    "high_confidence_accuracy": 0.8907368907368908,
    "high_confidence_precision": 0.8871692081533392,
    "high_confidence_recall": 0.8901308152712691,
    "high_confidence_f1": 0.886922418406546,
    "number_high_confidence_predictions": 4329,
    "overall_confusion_matrix": [
        [
            1584,
            261,
            369
        ],
        [
            217,
            1771,
            226
        ],
        [
            349,
            344,
            1521
        ]
    ]
}