{
    "n_estimators": 165,
    "min_sample_leaf": 3,
    "random_state": 22,
    "overall_accuracy": 0.6833782408239027,
    "overall_precision": 0.6828300380283556,
    "overall_recall": 0.6833782408239027,
    "overall_f1": 0.6825926969936659,
    "cv_accuracies": [
        0.6821747200766421,
        0.68678522244177,
        0.6822944733848273,
        0.6826537333093827,
        0.6848092928567152,
        0.6817555834979941,
        0.6806179270702353,
        0.6843901562780672,
        0.6887012753727322,
        0.6796000239506617
    ],
    "mean_cv_accuracy": 0.6833782408239029,
    "std_cv_accuracy": 0.002658745946991697,
    "cv_precisions": [
        0.6815662428003116,
        0.6862854180742195,
        0.6814890360220565,
        0.6821303783367169,
        0.684318517431434,
        0.6808617892968011,
        0.6807763560502872,
        0.6839734198658219,
        0.6881859401566545,
        0.678959415012713
    ],
    "mean_cv_precision": 0.6828546513047017,
    "std_cv_precision": 0.0026664676522347498,
    "cv_recalls": [
        0.6821747200766421,
        0.68678522244177,
        0.6822944733848274,
        0.6826537333093827,
        0.684809292856715,
        0.6817555834979941,
        0.6806179270702354,
        0.6843901562780671,
        0.6887012753727322,
        0.6796000239506617
    ],
    "mean_cv_recall": 0.6833782408239029,
    "std_cv_recall": 0.002658745946991665,
    "cv_f1s": [
        0.6812624243052386,
        0.6860759762633739,
        0.6812508548615569,
        0.6819355097112568,
        0.684046662774921,
        0.680774199065873,
        0.679856759487469,
        0.6838533383456711,
        0.6879009266309136,
        0.6789176477471027
    ],
    "mean_cv_f1": 0.6825874299193376,
    "std_cv_f1": 0.002689123065543187,
    "feature_importances": {
        "team_id": 0.09119547320114232,
        "opponent_id": 0.0909152748817724,
        "team_ELO_before": 0.10752492100422806,
        "opponent_ELO_before": 0.10831041573288533,
        "odds_team_win": 0.09940411158688325,
        "odds_draw": 0.08971314456136734,
        "odds_opponent_win": 0.09821411139554684,
        "pre_match_home_ppg": 0.09289834066625828,
        "pre_match_away_ppg": 0.09279117694153019,
        "team_home_advantage": 0.06488443894298107,
        "opponent_away_advantage": 0.06414859108540498
    },
    "high_confidence_threshold": 0.51,
    "high_confidence_accuracy": 0.8742413179391229,
    "high_confidence_precision": 0.8656257420514878,
    "high_confidence_recall": 0.8738424181561107,
    "high_confidence_f1": 0.8659268150350389,
    "number_high_confidence_predictions": 87652,
    "overall_confusion_matrix": [
        [
            37827,
            7318,
            10525
        ],
        [
            5366,
            41814,
            8490
        ],
        [
            10314,
            10866,
            34490
        ]
    ]
}