{
    "random_state": 42,
    "overall_accuracy": 0.7359173126614987,
    "overall_precision": 0.7367741114602196,
    "overall_recall": 0.7359173126614987,
    "overall_f1": 0.7348294561735066,
    "cv_accuracies": [
        0.7338501291989664,
        0.7364341085271318,
        0.7441860465116279,
        0.710594315245478,
        0.7390180878552972,
        0.7338501291989664,
        0.7054263565891473,
        0.7467700258397932,
        0.7674418604651163,
        0.7416020671834626
    ],
    "mean_cv_accuracy": 0.7359173126614987,
    "std_cv_accuracy": 0.016738123762999123,
    "cv_precisions": [
        0.7383407868299955,
        0.7394273804721566,
        0.7532212355941811,
        0.7114873923195694,
        0.7392822453957457,
        0.7353526287952518,
        0.7111209439528023,
        0.7474426807760142,
        0.7682539682539682,
        0.7398478944796777
    ],
    "mean_cv_precision": 0.7383777156869362,
    "std_cv_precision": 0.01635343740380318,
    "cv_recalls": [
        0.7338501291989664,
        0.7364341085271319,
        0.7441860465116279,
        0.7105943152454781,
        0.7390180878552971,
        0.7338501291989664,
        0.7054263565891473,
        0.7467700258397932,
        0.7674418604651163,
        0.7416020671834626
    ],
    "mean_cv_recall": 0.7359173126614987,
    "std_cv_recall": 0.016738123762999102,
    "cv_f1s": [
        0.7309252454483843,
        0.7341711515847766,
        0.7406863979014586,
        0.706502736736525,
        0.7384578377173935,
        0.732640529621313,
        0.7058549282188196,
        0.7469102792632204,
        0.7676470588235293,
        0.7402899640624963
    ],
    "mean_cv_f1": 0.7344086129377917,
    "std_cv_f1": 0.017207121303096137,
    "feature_importances": {
        "team_id": 0.05638568871220066,
        "opponent_id": 0.05479302825826167,
        "team_ELO_before": 0.0955019922501846,
        "opponent_ELO_before": 0.09429505071893245,
        "opponent_rest_days": 0.04998787690411519,
        "team_rest_days": 0.05067622259904773,
        "is_home": 0.020920376019690403,
        "team_h2h_win_percent": 0.05982172826885281,
        "opponent_h2h_win_percent": 0.061074346418262836,
        "team_ppg": 0.10024740510337156,
        "opponent_ppg": 0.09924838007461384,
        "team_ppg_mc": 0.07298491359675283,
        "opponent_ppg_mc": 0.07476425227596031,
        "team_home_advantage": 0.05497680860873766,
        "opponent_home_advantage": 0.05432193019101546
    },
    "high_confidence_threshold": 0.51,
    "high_confidence_accuracy": 0.8838685586258401,
    "high_confidence_precision": 0.8809931969896522,
    "high_confidence_recall": 0.8820016104918095,
    "high_confidence_f1": 0.8808246023438651,
    "number_high_confidence_predictions": 2678,
    "overall_confusion_matrix": [
        [
            968,
            145,
            177
        ],
        [
            147,
            1036,
            107
        ],
        [
            265,
            181,
            844
        ]
    ]
}