{
    "n_estimators": 165,
    "min_sample_leaf": 3,
    "random_state": 22,
    "overall_accuracy": 0.6862822585473923,
    "overall_precision": 0.6862540274829688,
    "overall_recall": 0.6862822585473923,
    "overall_f1": 0.685690388421896,
    "cv_accuracies": [
        0.6916536941683631,
        0.6856663872590109,
        0.6974015088013411,
        0.6728535504729972,
        0.6899772482337445,
        0.671497005988024,
        0.6889820359281437,
        0.6902994011976048,
        0.6788023952095809,
        0.6956886227544911
    ],
    "mean_cv_accuracy": 0.6862821850013301,
    "std_cv_accuracy": 0.008563354850352253,
    "cv_precisions": [
        0.6909205232104766,
        0.6861792482108798,
        0.6977747613531274,
        0.6728281691511758,
        0.6893544303823479,
        0.6717716830344997,
        0.6899153564235455,
        0.6902273310079652,
        0.6785804629786911,
        0.6955891583068946
    ],
    "mean_cv_precision": 0.6863141124059603,
    "std_cv_precision": 0.008539895680063211,
    "cv_recalls": [
        0.6916465579193875,
        0.6856607853098243,
        0.6973957064167641,
        0.6728472884769735,
        0.689968677851157,
        0.6715052425577844,
        0.6889868168532813,
        0.6903058456997396,
        0.6788103881943326,
        0.6956963150656077
    ],
    "mean_cv_recall": 0.6862823624344851,
    "std_cv_recall": 0.008561986718698168,
    "cv_f1s": [
        0.690960527605112,
        0.6853944489273113,
        0.6969802509749646,
        0.6723469577326565,
        0.6890568571432659,
        0.6705892864518018,
        0.6885845850468636,
        0.6897609162942565,
        0.6780192862856923,
        0.6950587279529888
    ],
    "mean_cv_f1": 0.6856751844414913,
    "std_cv_f1": 0.008627290025211445,
    "feature_importances": {
        "is_home": 0.0,
        "team_id": 0.08304124489075199,
        "opponent_id": 0.0822278137213864,
        "team_ELO_before": 0.09948037674575605,
        "opponent_ELO_before": 0.0996734937513182,
        "odds_team_win": 0.11215400809556467,
        "odds_draw": 0.08576570295454541,
        "odds_opponent_win": 0.1130903119168623,
        "pre_match_home_ppg": 0.08538212375151419,
        "pre_match_away_ppg": 0.08518277159247947,
        "team_home_advantage": 0.07738902969673055,
        "opponent_away_advantage": 0.07661312288309093
    },
    "high_confidence_threshold": 0.51,
    "high_confidence_accuracy": 0.8738815318539728,
    "high_confidence_precision": 0.8670262553680333,
    "high_confidence_recall": 0.8732986843273108,
    "high_confidence_f1": 0.8662039772132761,
    "number_high_confidence_predictions": 44704,
    "overall_confusion_matrix": [
        [
            18840,
            3667,
            5328
        ],
        [
            2508,
            20958,
            4369
        ],
        [
            4907,
            5418,
            17510
        ]
    ]
}