{
    "model_name": "/root/barnard/ML/Models/poland_ekstraklasa/Training-Results/Match-Result/v6-dinky-gouge-rs42/v6-dinky-gouge-rs42.joblib",
    "accuracy": 0.6477272727272727,
    "precision_macro": 0.6666666666666666,
    "recall_macro": 0.5907256850346281,
    "f1_score_macro": 0.6055747567844342,
    "classification_report": {
        "0": {
            "precision": 0.7272727272727273,
            "recall": 0.4,
            "f1-score": 0.5161290322580645,
            "support": 20.0
        },
        "1": {
            "precision": 0.6363636363636364,
            "recall": 0.5185185185185185,
            "f1-score": 0.5714285714285714,
            "support": 27.0
        },
        "2": {
            "precision": 0.6363636363636364,
            "recall": 0.8536585365853658,
            "f1-score": 0.7291666666666666,
            "support": 41.0
        },
        "accuracy": 0.6477272727272727,
        "macro avg": {
            "precision": 0.6666666666666666,
            "recall": 0.5907256850346281,
            "f1-score": 0.6055747567844342,
            "support": 88.0
        },
        "weighted avg": {
            "precision": 0.6570247933884297,
            "recall": 0.6477272727272727,
            "f1-score": 0.6323521068984779,
            "support": 88.0
        }
    },
    "confusion_matrix": [
        [
            8,
            4,
            8
        ],
        [
            1,
            14,
            12
        ],
        [
            2,
            4,
            35
        ]
    ]
}