{
    "random_state": 42,
    "overall_accuracy": 0.5262172284644194,
    "overall_precision": 0.5262288697812134,
    "overall_recall": 0.5262172284644195,
    "overall_f1": 0.5261646521674013,
    "cv_accuracies": [
        0.5169590643274854,
        0.5333333333333333,
        0.5345029239766081,
        0.5450292397660819,
        0.5152224824355972,
        0.5117096018735363,
        0.5269320843091335,
        0.5339578454332553,
        0.5187353629976581,
        0.5257611241217799
    ],
    "mean_cv_accuracy": 0.5262143062574469,
    "std_cv_accuracy": 0.010034277089772229,
    "cv_precisions": [
        0.5169635516579885,
        0.5333313266858575,
        0.5345238095238095,
        0.5450586805631583,
        0.5152278276136395,
        0.5117436743674367,
        0.5269374029721383,
        0.5339578454332553,
        0.5187585116197337,
        0.5257782314717246
    ],
    "mean_cv_precision": 0.526228086190874,
    "std_cv_precision": 0.010033698381410501,
    "cv_recalls": [
        0.5169351485040163,
        0.5333258552386789,
        0.5345132307557618,
        0.5450409288887916,
        0.5152224824355972,
        0.5117096018735363,
        0.5269320843091335,
        0.5339578454332553,
        0.5187353629976581,
        0.5257611241217799
    ],
    "mean_cv_recall": 0.5262133664558208,
    "std_cv_recall": 0.01003899878997026,
    "cv_f1s": [
        0.5167448792324083,
        0.5333103507713522,
        0.534471720001751,
        0.5449894043594665,
        0.5151799377992792,
        0.5113551696174603,
        0.5269087318999561,
        0.5339578454332553,
        0.5185868430689722,
        0.5256824306255528
    ],
    "mean_cv_f1": 0.5261187312809453,
    "std_cv_f1": 0.010109790709631932,
    "feature_importances": {
        "team_id": 0.05773939411509077,
        "opponent_id": 0.05775425503876565,
        "team_ELO_before": 0.09218428818907969,
        "opponent_ELO_before": 0.09269492043476854,
        "h2h_btts": 0.05598757618179667,
        "team_conceded_l5": 0.04955219653250523,
        "team_conceded_l10": 0.056318657557369936,
        "team_conceded_l20": 0.0645022671227107,
        "opponent_conceded_l5": 0.04947270645467861,
        "opponent_conceded_l10": 0.0561390114390075,
        "opponent_conceded_l20": 0.06521583829702447,
        "team_scoring_streak": 0.04665776829196202,
        "opponent_scoring_streak": 0.04640533789920499,
        "team_conceded_streak": 0.04446839106280849,
        "opponent_conceded_streak": 0.0442776219085735,
        "betting_h2h_betting_odds": 0.05491651200799147,
        "betting_h2h_betting_percentage": 0.06571325746666179
    },
    "high_confidence_threshold": 0.51,
    "high_confidence_accuracy": 0.5305170575692963,
    "high_confidence_precision": 0.5305744007236545,
    "high_confidence_recall": 0.5305655197262165,
    "high_confidence_f1": 0.5304986393805037,
    "number_high_confidence_predictions": 7504,
    "overall_confusion_matrix": [
        [
            2293,
            1979
        ],
        [
            2069,
            2203
        ]
    ]
}