{
    "random_state": 42,
    "overall_accuracy": 0.5119326158165652,
    "overall_precision": 0.5119358175060846,
    "overall_recall": 0.5119326158165654,
    "overall_f1": 0.5118998835586691,
    "cv_accuracies": [
        0.5017543859649123,
        0.49122807017543857,
        0.49707602339181284,
        0.5450292397660819,
        0.5286549707602339,
        0.5005847953216375,
        0.5052631578947369,
        0.52046783625731,
        0.5351288056206089,
        0.49414519906323184
    ],
    "mean_cv_accuracy": 0.5119332484216005,
    "std_cv_accuracy": 0.017968240543859294,
    "cv_precisions": [
        0.5017343986322089,
        0.49123493547292485,
        0.49709665745492826,
        0.5450707926809237,
        0.5287830211467095,
        0.5005966587112172,
        0.5052983871851942,
        0.5205261715538504,
        0.5351521338250791,
        0.49414198618222127
    ],
    "mean_cv_precision": 0.5119635142845257,
    "std_cv_precision": 0.017990517716166478,
    "cv_recalls": [
        0.5017318172864366,
        0.49123694981286525,
        0.49710269430278625,
        0.5450436647770798,
        0.5286885245901639,
        0.5005964236468297,
        0.5052884720611088,
        0.5204918032786885,
        0.5351288056206089,
        0.49414519906323184
    ],
    "mean_cv_recall": 0.51194543544398,
    "std_cv_recall": 0.017971540997104848,
    "cv_f1s": [
        0.5015573339756081,
        0.4912030139988427,
        0.4968275431662159,
        0.5449669938776208,
        0.5282832887717007,
        0.5005410685385403,
        0.5050437867198758,
        0.5202781852816886,
        0.5350516665638134,
        0.4940758293838863
    ],
    "mean_cv_f1": 0.5117828710277793,
    "std_cv_f1": 0.0179559006014347,
    "feature_importances": {
        "team_id": 0.06474021364531626,
        "opponent_id": 0.06493746658384628,
        "team_ELO_before": 0.10313566138263645,
        "opponent_ELO_before": 0.10381915795841316,
        "opponent_rest_days": 0.05286191873216959,
        "team_rest_days": 0.052638157215114154,
        "is_home": 0.007655294196824215,
        "team_h2h_win_percent": 0.07502009114729194,
        "opponent_h2h_win_percent": 0.07505904991788227,
        "team_ppg": 0.07194469836713893,
        "opponent_ppg": 0.07217744630604199,
        "team_ppg_mc": 0.08306059760820991,
        "opponent_ppg_mc": 0.08291180874856804,
        "team_home_advantage": 0.04500297479427253,
        "opponent_home_advantage": 0.04503546339627421
    },
    "high_confidence_threshold": 0.51,
    "high_confidence_accuracy": 0.5140835844360016,
    "high_confidence_precision": 0.5140608464972609,
    "high_confidence_recall": 0.5140573461317814,
    "high_confidence_f1": 0.5140379097777987,
    "number_high_confidence_predictions": 7633,
    "overall_confusion_matrix": [
        [
            2223,
            2051
        ],
        [
            2121,
            2153
        ]
    ]
}