{
    "model_name": "/root/barnard/ML/Models/italy_serie_a/Training-Results/Match-Result/v6-hooked-break-rs42/v6-hooked-break-rs42.joblib",
    "accuracy": 0.5666666666666667,
    "precision_macro": 0.4880534670008354,
    "recall_macro": 0.5194088319088319,
    "f1_score_macro": 0.47835024720270614,
    "classification_report": {
        "0": {
            "precision": 0.3333333333333333,
            "recall": 0.1111111111111111,
            "f1-score": 0.16666666666666666,
            "support": 18.0
        },
        "1": {
            "precision": 0.47368421052631576,
            "recall": 0.5625,
            "f1-score": 0.5142857142857142,
            "support": 16.0
        },
        "2": {
            "precision": 0.6571428571428571,
            "recall": 0.8846153846153846,
            "f1-score": 0.7540983606557377,
            "support": 26.0
        },
        "accuracy": 0.5666666666666667,
        "macro avg": {
            "precision": 0.4880534670008354,
            "recall": 0.5194088319088319,
            "f1-score": 0.47835024720270614,
            "support": 60.0
        },
        "weighted avg": {
            "precision": 0.5110776942355889,
            "recall": 0.5666666666666667,
            "f1-score": 0.5139188134270101,
            "support": 60.0
        }
    },
    "confusion_matrix": [
        [
            2,
            7,
            9
        ],
        [
            4,
            9,
            3
        ],
        [
            0,
            3,
            23
        ]
    ]
}