{
    "random_state": 42,
    "overall_accuracy": 0.7121993127147767,
    "overall_precision": 0.7113473694694527,
    "overall_recall": 0.7121993127147767,
    "overall_f1": 0.7109740758542613,
    "cv_accuracies": [
        0.7124463519313304,
        0.6909871244635193,
        0.6824034334763949,
        0.6995708154506438,
        0.6866952789699571,
        0.7339055793991416,
        0.7253218884120172,
        0.7167381974248928,
        0.728448275862069,
        0.7456896551724138
    ],
    "mean_cv_accuracy": 0.712220660056238,
    "std_cv_accuracy": 0.020487410338285657,
    "cv_precisions": [
        0.7135802469135802,
        0.6918200603762258,
        0.6889342403628117,
        0.7004364359173797,
        0.6893954152867069,
        0.733777937995674,
        0.7263878779271042,
        0.7162828094200643,
        0.7285685543833867,
        0.7467592592592593
    ],
    "mean_cv_precision": 0.7135942837842193,
    "std_cv_precision": 0.019347809791807394,
    "cv_recalls": [
        0.7127317127317127,
        0.6914196914196914,
        0.682095682095682,
        0.6993561993561994,
        0.686091686091686,
        0.7336552336552336,
        0.7258297258297258,
        0.7162837162837162,
        0.7288267288267288,
        0.7458652458652458
    ],
    "mean_cv_recall": 0.7122155622155621,
    "std_cv_recall": 0.02063382866706625,
    "cv_f1s": [
        0.7125738396624474,
        0.6897935543478203,
        0.6783625730994153,
        0.6986188414759843,
        0.6826500297088532,
        0.7330793980579724,
        0.7212267562586034,
        0.7150437359936385,
        0.7272086720867209,
        0.7458964337306718
    ],
    "mean_cv_f1": 0.7104453834422128,
    "std_cv_f1": 0.021354742215050248,
    "feature_importances": {
        "team_id": 0.05376598301016885,
        "opponent_id": 0.054854300198746854,
        "team_ELO_before": 0.09669594198613249,
        "opponent_ELO_before": 0.09763715741133612,
        "opponent_rest_days": 0.0535834167554596,
        "team_rest_days": 0.053792823436435155,
        "is_home": 0.014086053643011437,
        "team_h2h_win_percent": 0.0691791613368231,
        "opponent_h2h_win_percent": 0.07147073044299806,
        "team_ppg": 0.09245237453688743,
        "opponent_ppg": 0.08956947065144277,
        "team_ppg_mc": 0.0758781322761953,
        "opponent_ppg_mc": 0.07733871604397809,
        "team_home_advantage": 0.052060972996739105,
        "opponent_home_advantage": 0.047634765273645636
    },
    "high_confidence_threshold": 0.51,
    "high_confidence_accuracy": 0.8851303735024665,
    "high_confidence_precision": 0.87398638968013,
    "high_confidence_recall": 0.88278547833835,
    "high_confidence_f1": 0.8771092625586082,
    "number_high_confidence_predictions": 1419,
    "overall_confusion_matrix": [
        [
            541,
            94,
            141
        ],
        [
            59,
            619,
            98
        ],
        [
            141,
            137,
            498
        ]
    ]
}