{
    "team_ELO_before": 0.14384124835368245,
    "opponent_ELO_before": 0.14318086221068976,
    "odds_team_win": 0.13529288736135672,
    "odds_draw": 0.11634111918800853,
    "odds_opponent_win": 0.13811912509252355,
    "pre_match_away_ppg": 0.12199159095219006,
    "opponent_away_advantage": 0.11413305104473723,
    "pre_match_away_xg": 0.08710011579681173
}