{
    "balance_classes": false,
    "n_estimators": 165,
    "min_sample_leaf": 1,
    "random_state": 22,
    "overall_accuracy": 0.490621776235581,
    "overall_precision": 0.43463834661096934,
    "overall_recall": 0.4357217964533668,
    "overall_f1": 0.41514434092746316,
    "cv_accuracies": [
        0.49123136078026824,
        0.48335365281815623,
        0.49338835224608457,
        0.4938572634343055,
        0.4858857732345494,
        0.4985463753165151,
        0.4874800712745006,
        0.49123136078026824,
        0.4903873206414705,
        0.49085623182969146
    ],
    "mean_cv_accuracy": 0.490621776235581,
    "std_cv_accuracy": 0.004085344157022559,
    "cv_precisions": [
        0.43524879944034894,
        0.4287898113252453,
        0.4359699388931693,
        0.435977303455967,
        0.43185164771552104,
        0.4417853383710059,
        0.43081172965989406,
        0.43824195574174657,
        0.43463433408881835,
        0.4330134524347094
    ],
    "mean_cv_precision": 0.4346324311126426,
    "std_cv_precision": 0.003567325137225533,
    "cv_recalls": [
        0.4361839174336645,
        0.4288651026439562,
        0.438230142318712,
        0.43821866052999764,
        0.4323098232872243,
        0.4427540193634252,
        0.4319493596308653,
        0.4367242289882895,
        0.43486252991252344,
        0.43712034091633445
    ],
    "mean_cv_recall": 0.43572181250249925,
    "std_cv_recall": 0.0037252928892155934,
    "cv_f1s": [
        0.41570863785850404,
        0.4096176962547067,
        0.41621950499864663,
        0.4170252598873793,
        0.41258135164180504,
        0.4218279841679749,
        0.4108712909456558,
        0.416711742029602,
        0.41476513565145456,
        0.4159501403992616
    ],
    "mean_cv_f1": 0.4151278743834991,
    "std_cv_f1": 0.0032909294681787785,
    "feature_importances": {
        "team_ELO_before": 0.14384124835368245,
        "opponent_ELO_before": 0.14318086221068976,
        "odds_team_win": 0.13529288736135672,
        "odds_draw": 0.11634111918800853,
        "odds_opponent_win": 0.13811912509252355,
        "pre_match_away_ppg": 0.12199159095219006,
        "opponent_away_advantage": 0.11413305104473723,
        "pre_match_away_xg": 0.08710011579681173
    },
    "high_confidence_threshold": 0.51,
    "high_confidence_accuracy": 0.6145823845523272,
    "high_confidence_precision": 0.5376865193021901,
    "high_confidence_recall": 0.4940299316792051,
    "high_confidence_f1": 0.4504485826370222,
    "number_high_confidence_predictions": 43916,
    "overall_confusion_matrix": [
        [
            3184,
            8045,
            16606
        ],
        [
            3348,
            14472,
            14101
        ],
        [
            3966,
            8249,
            34659
        ]
    ]
}