{
    "random_state": 42,
    "overall_accuracy": 0.6925116988705599,
    "overall_precision": 0.692801790338867,
    "overall_recall": 0.6925116988705599,
    "overall_f1": 0.6923857445277012,
    "cv_accuracies": [
        0.6956788859307803,
        0.6924534097890641,
        0.6932213802989965,
        0.6997235306164243,
        0.692760597993037,
        0.6893303297153389,
        0.6875383985254966,
        0.692862994061028,
        0.6944856894168245,
        0.6870615943884082
    ],
    "mean_cv_accuracy": 0.6925116810735398,
    "std_cv_accuracy": 0.0036220035753700515,
    "cv_precisions": [
        0.6962259165383479,
        0.6923729038092746,
        0.69350924202707,
        0.7003095331150725,
        0.6934860751574718,
        0.6891476992509209,
        0.6880837797605697,
        0.6931066407550285,
        0.6945803541081658,
        0.6875047706207486
    ],
    "mean_cv_precision": 0.6928326915142671,
    "std_cv_precision": 0.0036899948035785963,
    "cv_recalls": [
        0.6956814585234975,
        0.692455872267209,
        0.6932187232398785,
        0.6997209181547349,
        0.6927582790886083,
        0.6893273685565638,
        0.687537966982183,
        0.6928629347805829,
        0.6944883380231005,
        0.6870641852855576
    ],
    "mean_cv_recall": 0.6925116044901917,
    "std_cv_recall": 0.0036217104030657043,
    "cv_f1s": [
        0.6957366085402774,
        0.692273493778763,
        0.6930229593414428,
        0.6995771172102095,
        0.6928458042124147,
        0.6890930855869745,
        0.687399964859338,
        0.6926617726328564,
        0.6943263621243031,
        0.6869043688591162
    ],
    "mean_cv_f1": 0.6923841537145695,
    "std_cv_f1": 0.003649132396039817,
    "feature_importances": {
        "team_id": 0.08837505507980539,
        "opponent_id": 0.08830687546616464,
        "team_ELO_before": 0.10679668529846356,
        "opponent_ELO_before": 0.10678193444778954,
        "odds_draw": 0.08616786825898042,
        "opponent_rest_days": 0.05159027994735958,
        "team_rest_days": 0.05164352635879464,
        "team_h2h_win_percent": 0.06651044654398763,
        "opponent_h2h_win_percent": 0.06662713720632997,
        "pre_match_home_ppg": 0.08977526466787009,
        "pre_match_away_ppg": 0.09014617224480877,
        "team_home_advantage": 0.05360481884907882,
        "opponent_home_advantage": 0.05367393563056699
    },
    "high_confidence_threshold": 0.51,
    "high_confidence_accuracy": 0.9123117968618818,
    "high_confidence_precision": 0.8925025077860184,
    "high_confidence_recall": 0.9114798571506122,
    "high_confidence_f1": 0.898903904709696,
    "number_high_confidence_predictions": 107198,
    "overall_confusion_matrix": [
        [
            44997,
            7329,
            12780
        ],
        [
            5779,
            48544,
            10783
        ],
        [
            11156,
            12231,
            41719
        ]
    ]
}