team_name,Accuracy
Pisa,100.0
Spezia,100.0
Juve Stabia,100.0
Catanzaro,75.0
Mantova,75.0
Sassuolo,75.0
Cremonese,75.0
Brescia,66.66666666666666
Salernitana,66.66666666666666
Carrarese,66.66666666666666
Cesena,66.66666666666666
Sampdoria,50.0
Cosenza,50.0
Modena,50.0
Frosinone,50.0
Bari 1908,33.33333333333333
Cittadella,33.33333333333333
Palermo,33.33333333333333
Reggiana,33.33333333333333
Südtirol,33.33333333333333
