{
    "random_state": 42,
    "overall_accuracy": 0.7194605009633911,
    "overall_precision": 0.7188599355139581,
    "overall_recall": 0.7194605009633911,
    "overall_f1": 0.7183827374916194,
    "cv_accuracies": [
        0.6936416184971098,
        0.7341040462427746,
        0.6820809248554913,
        0.7167630057803468,
        0.74373795761079,
        0.7167630057803468,
        0.7032755298651252,
        0.74373795761079,
        0.7514450867052023,
        0.7090558766859345
    ],
    "mean_cv_accuracy": 0.7194605009633912,
    "std_cv_accuracy": 0.02205639772062302,
    "cv_precisions": [
        0.6938416270257702,
        0.7339602815687757,
        0.6807966206652512,
        0.71805980857705,
        0.7432292598773046,
        0.7168749395546029,
        0.7036173674903102,
        0.7429729865531862,
        0.7502031480598362,
        0.7097626487856857
    ],
    "mean_cv_precision": 0.7193318688157773,
    "std_cv_precision": 0.021858412632969886,
    "cv_recalls": [
        0.6936416184971098,
        0.7341040462427747,
        0.6820809248554913,
        0.7167630057803468,
        0.7437379576107901,
        0.7167630057803468,
        0.7032755298651252,
        0.74373795761079,
        0.7514450867052024,
        0.7090558766859346
    ],
    "mean_cv_recall": 0.7194605009633912,
    "std_cv_recall": 0.022056397720623053,
    "cv_f1s": [
        0.6918482450093225,
        0.7336556731060689,
        0.6802754974966326,
        0.7143441289138183,
        0.7432693853449822,
        0.714669208830177,
        0.7016817745933525,
        0.7432744325641019,
        0.749787303221611,
        0.7080655629638275
    ],
    "mean_cv_f1": 0.7180871212043896,
    "std_cv_f1": 0.022426067608248453,
    "feature_importances": {
        "team_id": 0.05988623767043668,
        "opponent_id": 0.059397634964053515,
        "team_ELO_before": 0.09764337067253645,
        "opponent_ELO_before": 0.09609738941762198,
        "opponent_rest_days": 0.0487135180875001,
        "team_rest_days": 0.04888723423958813,
        "is_home": 0.017086584479420224,
        "team_h2h_win_percent": 0.07248407878904932,
        "opponent_h2h_win_percent": 0.07290769663743564,
        "team_ppg": 0.08735798041752028,
        "opponent_ppg": 0.08879008550491294,
        "team_ppg_mc": 0.07747935733533554,
        "opponent_ppg_mc": 0.07727947301532172,
        "team_home_advantage": 0.04847242819147617,
        "opponent_home_advantage": 0.04751693057779135
    },
    "high_confidence_threshold": 0.51,
    "high_confidence_accuracy": 0.9008981108702384,
    "high_confidence_precision": 0.8941390811561817,
    "high_confidence_recall": 0.9019020410717528,
    "high_confidence_f1": 0.8959172786963413,
    "number_high_confidence_predictions": 3229,
    "overall_confusion_matrix": [
        [
            1213,
            207,
            310
        ],
        [
            176,
            1379,
            175
        ],
        [
            284,
            304,
            1142
        ]
    ]
}