{
    "model_name": "/root/barnard/ML/Models/norway_eliteserien/Training-Results/Match-Result/v6-sage-stem-rs42/v6-sage-stem-rs42.joblib",
    "accuracy": 0.5494505494505495,
    "precision_macro": 0.49273256431500007,
    "recall_macro": 0.5107884654164145,
    "f1_score_macro": 0.4920569854846903,
    "classification_report": {
        "0": {
            "precision": 0.3076923076923077,
            "recall": 0.16666666666666666,
            "f1-score": 0.21621621621621623,
            "support": 48.0
        },
        "1": {
            "precision": 0.5352112676056338,
            "recall": 0.6551724137931034,
            "f1-score": 0.5891472868217055,
            "support": 58.0
        },
        "2": {
            "precision": 0.6352941176470588,
            "recall": 0.7105263157894737,
            "f1-score": 0.6708074534161491,
            "support": 76.0
        },
        "accuracy": 0.5494505494505495,
        "macro avg": {
            "precision": 0.49273256431500007,
            "recall": 0.5107884654164145,
            "f1-score": 0.4920569854846903,
            "support": 182.0
        },
        "weighted avg": {
            "precision": 0.5169991056677692,
            "recall": 0.5494505494505495,
            "f1-score": 0.5248916894157397,
            "support": 182.0
        }
    },
    "confusion_matrix": [
        [
            8,
            19,
            21
        ],
        [
            10,
            38,
            10
        ],
        [
            8,
            14,
            54
        ]
    ]
}