team_name,Accuracy
FK Bodo - Glimt,75.0
Kristiansund,72.72727272727273
Strømsgodset,66.66666666666666
Rosenborg,63.63636363636363
Viking,63.63636363636363
Brann,58.333333333333336
HamKam,54.54545454545454
Fredrikstad,54.54545454545454
Tromsø,54.54545454545454
Molde,54.54545454545454
Lillestrøm,54.54545454545454
Sarpsborg 08,50.0
Haugesund,45.45454545454545
Sandefjord,41.66666666666667
Odd,41.66666666666667
KFUM,27.27272727272727
