{
    "n_estimators": 165,
    "min_sample_leaf": 3,
    "random_state": 22,
    "overall_accuracy": 0.6832524998503083,
    "overall_precision": 0.6828480782926193,
    "overall_recall": 0.6832524998503083,
    "overall_f1": 0.6825627784374303,
    "cv_accuracies": [
        0.6855876893599185,
        0.6863062092090294,
        0.6804382971079576,
        0.6839111430453266,
        0.6836716364289563,
        0.6809173103406981,
        0.6791808873720137,
        0.6852284294353631,
        0.6880426321777139,
        0.6792407640261062
    ],
    "mean_cv_accuracy": 0.6832524998503084,
    "std_cv_accuracy": 0.002971233788846462,
    "cv_precisions": [
        0.6848934514946544,
        0.6861444752512053,
        0.6797737542366082,
        0.6834202631707895,
        0.6831721979394141,
        0.6804176536464496,
        0.6791523864758733,
        0.6846577765668586,
        0.6880630768632617,
        0.6790266065157075
    ],
    "mean_cv_precision": 0.6828721642160822,
    "std_cv_precision": 0.002992789118048489,
    "cv_recalls": [
        0.6855876893599185,
        0.6863062092090294,
        0.6804382971079576,
        0.6839111430453265,
        0.6836716364289562,
        0.6809173103406981,
        0.6791808873720137,
        0.6852284294353632,
        0.6880426321777139,
        0.6792407640261061
    ],
    "mean_cv_recall": 0.6832524998503084,
    "std_cv_recall": 0.0029712337888464805,
    "cv_f1s": [
        0.6848299432606502,
        0.685673972862403,
        0.6795430391899281,
        0.6832803933883876,
        0.6827954351469191,
        0.6801538491414069,
        0.6785342886990642,
        0.6845952914102695,
        0.6875145323475363,
        0.6787005904426674
    ],
    "mean_cv_f1": 0.6825621335889231,
    "std_cv_f1": 0.0030017766441859965,
    "feature_importances": {
        "is_home": 0.02358807517670708,
        "team_id": 0.09105603905954122,
        "opponent_id": 0.09089500774083834,
        "team_ELO_before": 0.10650482672134094,
        "opponent_ELO_before": 0.10677148212101872,
        "odds_team_win": 0.10157435942239375,
        "odds_draw": 0.09051285026817475,
        "odds_opponent_win": 0.10068227686917408,
        "pre_match_home_ppg": 0.09259038135439333,
        "pre_match_away_ppg": 0.09217904775512413,
        "team_home_advantage": 0.05266974520939884,
        "opponent_away_advantage": 0.0509759083018948
    },
    "high_confidence_threshold": 0.51,
    "high_confidence_accuracy": 0.8709434736518141,
    "high_confidence_precision": 0.8638593352686854,
    "high_confidence_recall": 0.8706348830528577,
    "high_confidence_f1": 0.8632735583136079,
    "number_high_confidence_predictions": 87729,
    "overall_confusion_matrix": [
        [
            37663,
            7318,
            10689
        ],
        [
            5273,
            41772,
            8625
        ],
        [
            10234,
            10761,
            34675
        ]
    ]
}