{
    "n_estimators": 165,
    "min_sample_leaf": 3,
    "random_state": 22,
    "overall_accuracy": 0.6844021316088857,
    "overall_precision": 0.6841760640881155,
    "overall_recall": 0.6844021316088856,
    "overall_f1": 0.6836510265050625,
    "cv_accuracies": [
        0.686366085863122,
        0.6834920064666786,
        0.6800191605293097,
        0.6857074426681037,
        0.686366085863122,
        0.6807376803784204,
        0.68025866714568,
        0.6875037422908807,
        0.6905574516496018,
        0.683012993233938
    ],
    "mean_cv_accuracy": 0.6844021316088857,
    "std_cv_accuracy": 0.003308942315529637,
    "cv_precisions": [
        0.6858951445790115,
        0.6831856945317507,
        0.6795480545541954,
        0.6855911381764285,
        0.6860680223913672,
        0.6806585342706222,
        0.6803900286059239,
        0.6872001651307477,
        0.690516661167083,
        0.6828612791437317
    ],
    "mean_cv_precision": 0.6841914722550861,
    "std_cv_precision": 0.003297244413023987,
    "cv_recalls": [
        0.686366085863122,
        0.6834920064666786,
        0.6800191605293096,
        0.6857074426681038,
        0.6863660858631219,
        0.6807376803784204,
        0.6802586671456798,
        0.6875037422908807,
        0.6905574516496018,
        0.683012993233938
    ],
    "mean_cv_recall": 0.6844021316088857,
    "std_cv_recall": 0.0033089423155296636,
    "cv_f1s": [
        0.6855922522337007,
        0.6827842075179413,
        0.67905051979581,
        0.6850485956581625,
        0.6854646033424908,
        0.6799390771205785,
        0.6793977024082336,
        0.6869084269512005,
        0.6898210111669268,
        0.6824811975076396
    ],
    "mean_cv_f1": 0.6836487593702685,
    "std_cv_f1": 0.003359223212809443,
    "feature_importances": {
        "team_ELO_before": 0.10042250262022882,
        "opponent_ELO_before": 0.10078745065585053,
        "odds_team_win": 0.09465146659846058,
        "odds_draw": 0.08611583633329015,
        "odds_opponent_win": 0.0952638784849474,
        "opponent_rest_days": 0.0457461964161522,
        "team_rest_days": 0.04572711830018182,
        "team_h2h_win_percent": 0.06564043463259449,
        "opponent_h2h_win_percent": 0.06633109309651532,
        "pre_match_home_ppg": 0.08649410039505201,
        "pre_match_away_ppg": 0.08642283492027374,
        "team_home_advantage": 0.06313058305749587,
        "opponent_home_advantage": 0.06326650448895715
    },
    "high_confidence_threshold": 0.51,
    "high_confidence_accuracy": 0.8867995135185704,
    "high_confidence_precision": 0.8771541170265071,
    "high_confidence_recall": 0.8879963894709918,
    "high_confidence_f1": 0.8784131360404822,
    "number_high_confidence_predictions": 85512,
    "overall_confusion_matrix": [
        [
            37697,
            7360,
            10613
        ],
        [
            5077,
            41998,
            8595
        ],
        [
            9973,
            11090,
            34607
        ]
    ]
}