{
    "model_name": "/root/barnard/ML/Models/sweden_allsvenskan/Training-Results/Match-Result/v6-jeweled-crush-rs42/v6-jeweled-crush-rs42.joblib",
    "accuracy": 0.53125,
    "precision_macro": 0.49480710736749384,
    "recall_macro": 0.4940704251049079,
    "f1_score_macro": 0.49393488455988455,
    "classification_report": {
        "0": {
            "precision": 0.2608695652173913,
            "recall": 0.2857142857142857,
            "f1-score": 0.2727272727272727,
            "support": 42.0
        },
        "1": {
            "precision": 0.5692307692307692,
            "recall": 0.5873015873015873,
            "f1-score": 0.578125,
            "support": 63.0
        },
        "2": {
            "precision": 0.654320987654321,
            "recall": 0.6091954022988506,
            "f1-score": 0.6309523809523809,
            "support": 87.0
        },
        "accuracy": 0.53125,
        "macro avg": {
            "precision": 0.49480710736749384,
            "recall": 0.4940704251049079,
            "f1-score": 0.49393488455988455,
            "support": 192.0
        },
        "weighted avg": {
            "precision": 0.5403332610760146,
            "recall": 0.53125,
            "f1-score": 0.5352566541531385,
            "support": 192.0
        }
    },
    "confusion_matrix": [
        [
            12,
            15,
            15
        ],
        [
            13,
            37,
            13
        ],
        [
            21,
            13,
            53
        ]
    ]
}