team_name,Accuracy
Malmö FF,83.33333333333334
Norrköping,81.81818181818183
Kalmar,69.23076923076923
Sirius,66.66666666666666
Västerås SK,66.66666666666666
Elfsborg,63.63636363636363
Mjällby,58.333333333333336
Djurgården,53.84615384615385
Halmstad,46.15384615384615
GAIS,45.45454545454545
IFK Göteborg,41.66666666666667
Häcken,41.66666666666667
Brommapojkarna,38.46153846153847
Hammarby,33.33333333333333
Värnamo,33.33333333333333
AIK,27.27272727272727
