{
    "random_state": 42,
    "overall_accuracy": 0.7254901960784313,
    "overall_precision": 0.7251658400976774,
    "overall_recall": 0.7254901960784315,
    "overall_f1": 0.7249673641521768,
    "cv_accuracies": [
        0.6992481203007519,
        0.7556390977443609,
        0.6830188679245283,
        0.7320754716981132,
        0.7169811320754716,
        0.7358490566037735,
        0.7320754716981132,
        0.7622641509433963,
        0.7169811320754716,
        0.720754716981132
    ],
    "mean_cv_accuracy": 0.7254887218045113,
    "std_cv_accuracy": 0.0226163902218441,
    "cv_precisions": [
        0.7033020185536394,
        0.7593458956032055,
        0.6842393769101843,
        0.7335802469135801,
        0.7170639854013537,
        0.7338483146067416,
        0.7330008273804669,
        0.7631031036858088,
        0.7179216268397512,
        0.7220226118616461
    ],
    "mean_cv_precision": 0.7267428007756378,
    "std_cv_precision": 0.02251936807514978,
    "cv_recalls": [
        0.6990125978890024,
        0.7555754170922709,
        0.6833503575076608,
        0.7321671773918964,
        0.7171433435478379,
        0.7362955396663261,
        0.7321246169560777,
        0.7622148450800136,
        0.7167602996254683,
        0.7204204971058904
    ],
    "mean_cv_recall": 0.7255064691862445,
    "std_cv_recall": 0.02259996211737034,
    "cv_f1s": [
        0.6984830604059861,
        0.7565225094830801,
        0.6813969752600751,
        0.7312340066519228,
        0.7167885039327219,
        0.7339526171791917,
        0.7321235404869068,
        0.7622325266255903,
        0.7169425564801287,
        0.7176321787399086
    ],
    "mean_cv_f1": 0.7247308475245513,
    "std_cv_f1": 0.02310837497664064,
    "feature_importances": {
        "team_id": 0.052017805743576194,
        "opponent_id": 0.05288924351107244,
        "team_ELO_before": 0.09801007284856143,
        "opponent_ELO_before": 0.09652535933417687,
        "opponent_rest_days": 0.04625861773813894,
        "team_rest_days": 0.04717119788603259,
        "is_home": 0.012751948422640028,
        "team_h2h_win_percent": 0.06865595651459133,
        "opponent_h2h_win_percent": 0.067024129155281,
        "team_ppg": 0.10372979427488589,
        "opponent_ppg": 0.09991176346706036,
        "team_ppg_mc": 0.07824619538134031,
        "opponent_ppg_mc": 0.07551015096196098,
        "team_home_advantage": 0.04944737913846991,
        "opponent_home_advantage": 0.051850385622211684
    },
    "high_confidence_threshold": 0.51,
    "high_confidence_accuracy": 0.8692992213570634,
    "high_confidence_precision": 0.8641263945638168,
    "high_confidence_recall": 0.8685872250219232,
    "high_confidence_f1": 0.8642635699056774,
    "number_high_confidence_predictions": 1798,
    "overall_confusion_matrix": [
        [
            628,
            113,
            143
        ],
        [
            86,
            691,
            107
        ],
        [
            143,
            136,
            605
        ]
    ]
}