{
    "league_name": "England Premier League",
    "accuracy": 0.6376811594202898,
    "threshold_accuracy": 0.7755102040816326,
    "roi": 47.44897959183674
}