{
    "random_state": 42,
    "overall_accuracy": 0.6992337164750958,
    "overall_precision": 0.6982927643122521,
    "overall_recall": 0.6992337164750958,
    "overall_f1": 0.6980142630560965,
    "cv_accuracies": [
        0.7033492822966507,
        0.7017543859649122,
        0.6985645933014354,
        0.7001594896331739,
        0.6916932907348243,
        0.6773162939297125,
        0.6980830670926518,
        0.7124600638977636,
        0.7108626198083067,
        0.6980830670926518
    ],
    "mean_cv_accuracy": 0.6992326153752083,
    "std_cv_accuracy": 0.009352237724760409,
    "cv_precisions": [
        0.7036871693121692,
        0.7007772244184086,
        0.6972451166854423,
        0.6989349867691316,
        0.6920393751086186,
        0.677151393271784,
        0.6977151711595525,
        0.7120537129864205,
        0.7108576108576109,
        0.6972632264215585
    ],
    "mean_cv_precision": 0.6987724986990697,
    "std_cv_precision": 0.009322959814244287,
    "cv_recalls": [
        0.7033492822966507,
        0.7017543859649122,
        0.6985645933014354,
        0.7001594896331739,
        0.6916405962458594,
        0.6771025027603975,
        0.6981198625935469,
        0.7124969328916698,
        0.7109020365599313,
        0.6982195436142805
    ],
    "mean_cv_recall": 0.6992309225861857,
    "std_cv_recall": 0.009414745222731398,
    "cv_f1s": [
        0.7027887152218328,
        0.7001827401210039,
        0.6949371693121694,
        0.6987605439919736,
        0.6918066235479774,
        0.6736508332755472,
        0.6978523005081411,
        0.7118104741525432,
        0.7094398432629797,
        0.6966758882983619
    ],
    "mean_cv_f1": 0.697790513169253,
    "std_cv_f1": 0.009959070181320728,
    "feature_importances": {
        "team_id": 0.05095238668413463,
        "opponent_id": 0.05263651451655058,
        "team_ELO_before": 0.07583170100259587,
        "opponent_ELO_before": 0.07682663690519047,
        "odds_team_win": 0.07236653740038435,
        "odds_draw": 0.07573898609764808,
        "odds_opponent_win": 0.07371741809020634,
        "opponent_rest_days": 0.0410405601405349,
        "team_rest_days": 0.040831672625478974,
        "is_home": 0.016842449525787527,
        "team_h2h_win_percent": 0.05713310635108615,
        "opponent_h2h_win_percent": 0.057664329887987587,
        "team_ppg_mc": 0.06227388309634717,
        "opponent_ppg_mc": 0.06358393152513761,
        "pre_match_home_xg": 0.04625411689683383,
        "pre_match_away_xg": 0.0468831796597459,
        "team_home_advantage": 0.04444313245449656,
        "opponent_home_advantage": 0.044979457139853476
    },
    "high_confidence_threshold": 0.51,
    "high_confidence_accuracy": 0.8848977451494494,
    "high_confidence_precision": 0.8757081342014663,
    "high_confidence_recall": 0.8804830347370083,
    "high_confidence_f1": 0.8767663566079748,
    "number_high_confidence_predictions": 3814,
    "overall_confusion_matrix": [
        [
            1505,
            242,
            341
        ],
        [
            235,
            1585,
            268
        ],
        [
            411,
            387,
            1290
        ]
    ]
}