team_name,Accuracy
Tallinna Kalev,73.33333333333333
Nõmme Kalju,66.66666666666666
Vaprus,66.66666666666666
Tammeka,66.66666666666666
Tallinna FC Levadia,60.0
Tallinna FC Flora,57.14285714285714
Trans,56.25
Kuressaare,53.333333333333336
Nõmme United,53.333333333333336
Paide,53.333333333333336
