{
    "random_state": 42,
    "overall_accuracy": 0.9396925405482862,
    "overall_precision": 0.9400345281829292,
    "overall_recall": 0.9396925405482862,
    "overall_f1": 0.9397793143165428,
    "cv_accuracies": [
        0.9382486622036137,
        0.9400398540178672,
        0.9402637529946488,
        0.9397711752457292,
        0.9384501712827172,
        0.9411593489017755,
        0.9399055146317982,
        0.9385173409757518,
        0.9396354843043303,
        0.9409341274461511
    ],
    "mean_cv_accuracy": 0.9396925432004384,
    "std_cv_accuracy": 0.0009593816742137241,
    "cv_precisions": [
        0.9385601512462646,
        0.9404396156526597,
        0.9405306896558562,
        0.9400679005745425,
        0.9388397831371798,
        0.9415137825580219,
        0.9403017797221606,
        0.9388617842335831,
        0.939978621413245,
        0.9412773051870859
    ],
    "mean_cv_precision": 0.9400371413380599,
    "std_cv_precision": 0.000958910114813845,
    "cv_recalls": [
        0.9382486551232371,
        0.9400398233773055,
        0.9402635684494576,
        0.9397710528635681,
        0.9384501581867176,
        0.9411592947003554,
        0.9399056990568426,
        0.9385174782754425,
        0.9396355358796371,
        0.9409341629805601
    ],
    "mean_cv_recall": 0.9396925428893124,
    "std_cv_recall": 0.0009593546214964713,
    "cv_f1s": [
        0.9383320307215731,
        0.9401400942894576,
        0.9403398214660591,
        0.9398551227977409,
        0.9385347916779893,
        0.9412465885790297,
        0.9399906244441828,
        0.9386039250576377,
        0.9397202465259863,
        0.9410235060290213
    ],
    "mean_cv_f1": 0.9397786751588677,
    "std_cv_f1": 0.0009604232066585344,
    "feature_importances": {
        "team_id": 0.07578703793151727,
        "opponent_id": 0.07589424069803574,
        "team_ELO_before": 0.09611721225529156,
        "opponent_ELO_before": 0.09656580941605028,
        "opponent_rest_days": 0.045115107935774945,
        "team_rest_days": 0.04516649489142907,
        "is_home": 0.007365561864723714,
        "team_h2h_win_percent": 0.05868294724404736,
        "opponent_h2h_win_percent": 0.058618736281808304,
        "team_ppg_mc": 0.06784030083956749,
        "opponent_ppg_mc": 0.06773183410642855,
        "pre_match_home_ppg": 0.07612302057854271,
        "pre_match_away_ppg": 0.07607198335978357,
        "team_home_advantage": 0.03839250934613202,
        "opponent_home_advantage": 0.03823520113032643,
        "team_away_advantage": 0.03808140054999802,
        "opponent_away_advantage": 0.03821060157054296
    },
    "high_confidence_threshold": 0.51,
    "high_confidence_accuracy": 0.9870881424878813,
    "high_confidence_precision": 0.9868417469937176,
    "high_confidence_recall": 0.9872163701085458,
    "high_confidence_f1": 0.9869808136184588,
    "number_high_confidence_predictions": 406603,
    "overall_confusion_matrix": [
        [
            139721,
            3022,
            6133
        ],
        [
            1872,
            140615,
            6389
        ],
        [
            3536,
            5983,
            139357
        ]
    ]
}