{
    "random_state": 42,
    "overall_accuracy": 0.6804993252361673,
    "overall_precision": 0.6797984056843194,
    "overall_recall": 0.6804993252361674,
    "overall_f1": 0.6795879522446836,
    "cv_accuracies": [
        0.7070707070707071,
        0.6363636363636364,
        0.696969696969697,
        0.7003367003367004,
        0.6722972972972973,
        0.706081081081081,
        0.6858108108108109,
        0.652027027027027,
        0.6993243243243243,
        0.6486486486486487
    ],
    "mean_cv_accuracy": 0.680492992992993,
    "std_cv_accuracy": 0.024996441523319063,
    "cv_precisions": [
        0.7103161259522178,
        0.6398959955315763,
        0.6981512605042016,
        0.7011340618721715,
        0.6728318908796437,
        0.7056689342403627,
        0.6858922482286544,
        0.6515693996897004,
        0.697965467409789,
        0.6471143453786978
    ],
    "mean_cv_precision": 0.6810539729687015,
    "std_cv_precision": 0.02499984960312355,
    "cv_recalls": [
        0.7070707070707071,
        0.6363636363636364,
        0.6969696969696969,
        0.7003367003367003,
        0.672060743489315,
        0.7058338486909915,
        0.6861471861471862,
        0.652305366591081,
        0.6996151996151996,
        0.648663505806363
    ],
    "mean_cv_recall": 0.6805366591080877,
    "std_cv_recall": 0.024975106510612084,
    "cv_f1s": [
        0.7078577881016906,
        0.6352446546621304,
        0.6953736330529633,
        0.7006555330670795,
        0.6711445417327769,
        0.7053899899095543,
        0.6844955980095347,
        0.6493529693870091,
        0.6974269533215182,
        0.6471880116379715
    ],
    "mean_cv_f1": 0.6794129672882228,
    "std_cv_f1": 0.0254980347431779,
    "feature_importances": {
        "team_id": 0.053184002415052,
        "opponent_id": 0.052875096357559194,
        "team_ELO_before": 0.10351102927901686,
        "opponent_ELO_before": 0.10178123279453892,
        "opponent_rest_days": 0.0496427226093534,
        "team_rest_days": 0.04793089372887484,
        "is_home": 0.010960745533209217,
        "team_h2h_win_percent": 0.07648054242694893,
        "opponent_h2h_win_percent": 0.07580324673953968,
        "team_ppg": 0.08416137071613275,
        "opponent_ppg": 0.082097062806468,
        "team_ppg_mc": 0.08049937041918911,
        "opponent_ppg_mc": 0.0805961712347937,
        "team_home_advantage": 0.05033441143922757,
        "opponent_home_advantage": 0.05014210150009585
    },
    "high_confidence_threshold": 0.51,
    "high_confidence_accuracy": 0.8610644257703082,
    "high_confidence_precision": 0.8454985214471243,
    "high_confidence_recall": 0.856861593079964,
    "high_confidence_f1": 0.8492449858047982,
    "number_high_confidence_predictions": 1785,
    "overall_confusion_matrix": [
        [
            689,
            132,
            167
        ],
        [
            112,
            726,
            150
        ],
        [
            185,
            201,
            602
        ]
    ]
}