{
    "random_state": 42,
    "overall_accuracy": 0.70435941366838,
    "overall_precision": 0.7057318434796871,
    "overall_recall": 0.7043594136683801,
    "overall_f1": 0.7035392110256206,
    "cv_accuracies": [
        0.6860133206470028,
        0.7155090390104663,
        0.7059942911512845,
        0.7069457659372027,
        0.7297811607992388,
        0.6879162702188392,
        0.6819047619047619,
        0.7076190476190476,
        0.7114285714285714,
        0.7104761904761905
    ],
    "mean_cv_accuracy": 0.7043588419192606,
    "std_cv_accuracy": 0.014103623848329725,
    "cv_precisions": [
        0.6874841446897669,
        0.7189759886389101,
        0.7059667570305868,
        0.7086159363511113,
        0.7313192039786903,
        0.6897020527941864,
        0.681465931634858,
        0.709551282051282,
        0.7146837088938741,
        0.7141220839245669
    ],
    "mean_cv_precision": 0.7061887089987833,
    "std_cv_precision": 0.01476581738907455,
    "cv_recalls": [
        0.6860371727038395,
        0.7155257088590422,
        0.706015466015466,
        0.7069380002713336,
        0.7296920363587031,
        0.6878442545109212,
        0.6819047619047618,
        0.7076190476190476,
        0.7114285714285714,
        0.7104761904761906
    ],
    "mean_cv_recall": 0.7043481210147877,
    "std_cv_recall": 0.014094317326113666,
    "cv_f1s": [
        0.6860045599178212,
        0.7148264651520817,
        0.703706893311451,
        0.706191093529419,
        0.7286880027900976,
        0.6870524371633344,
        0.6803516119871141,
        0.7068641975308642,
        0.7119852464809284,
        0.7089998265396877
    ],
    "mean_cv_f1": 0.7034670334402799,
    "std_cv_f1": 0.01412807190683434,
    "feature_importances": {
        "team_id": 0.0724877098633569,
        "opponent_id": 0.0715636970220699,
        "team_ELO_before": 0.0973520322279023,
        "opponent_ELO_before": 0.09542750159060512,
        "opponent_rest_days": 0.041270434261045603,
        "team_rest_days": 0.04092613673500814,
        "is_home": 0.010535335284572041,
        "team_h2h_win_percent": 0.07020592395056684,
        "opponent_h2h_win_percent": 0.06969791200413641,
        "team_ppg": 0.08845896464222404,
        "opponent_ppg": 0.09088760241889463,
        "team_ppg_mc": 0.08285787302867177,
        "opponent_ppg_mc": 0.08389147197162836,
        "team_home_advantage": 0.04226819320175484,
        "opponent_home_advantage": 0.04216921179756315
    },
    "high_confidence_threshold": 0.51,
    "high_confidence_accuracy": 0.9093233339014829,
    "high_confidence_precision": 0.8924561136036822,
    "high_confidence_recall": 0.9123539599407061,
    "high_confidence_f1": 0.898603425903692,
    "number_high_confidence_predictions": 5867,
    "overall_confusion_matrix": [
        [
            2353,
            461,
            688
        ],
        [
            287,
            2755,
            460
        ],
        [
            503,
            707,
            2292
        ]
    ]
}