{
    "random_state": 42,
    "overall_accuracy": 0.5196629213483146,
    "overall_precision": 0.5196637660828968,
    "overall_recall": 0.5196629213483146,
    "overall_f1": 0.5196577625997628,
    "cv_accuracies": [
        0.5181286549707602,
        0.5181286549707602,
        0.5087719298245614,
        0.5333333333333333,
        0.5140515222482436,
        0.4964871194379391,
        0.5245901639344263,
        0.5257611241217799,
        0.5433255269320844,
        0.5140515222482436
    ],
    "mean_cv_accuracy": 0.5196629552022133,
    "std_cv_accuracy": 0.012376105608490087,
    "cv_precisions": [
        0.518189323059989,
        0.5181252258467199,
        0.5088047075324903,
        0.533434065934066,
        0.5140522158841597,
        0.49648681114347304,
        0.5246339386280596,
        0.5257623957876261,
        0.5433721511203351,
        0.5140534491837809
    ],
    "mean_cv_precision": 0.51969142841207,
    "std_cv_precision": 0.012394327569202394,
    "cv_recalls": [
        0.5180842215850643,
        0.5181143163562345,
        0.5087931449583051,
        0.5332957604675086,
        0.5140515222482436,
        0.4964871194379391,
        0.5245901639344263,
        0.5257611241217799,
        0.5433255269320842,
        0.5140515222482436
    ],
    "mean_cv_recall": 0.5196554422289829,
    "std_cv_recall": 0.012370829987117337,
    "cv_f1s": [
        0.5174097455119353,
        0.518048881932511,
        0.5086206896551724,
        0.5328323115245515,
        0.5140455254097382,
        0.4964760729466612,
        0.5243788683552082,
        0.5257552717854073,
        0.5432027649769585,
        0.5140348639980474
    ],
    "mean_cv_f1": 0.5194804996096192,
    "std_cv_f1": 0.012316875007923033,
    "feature_importances": {
        "team_id": 0.07686727573147915,
        "opponent_id": 0.07686705514739609,
        "team_ELO_before": 0.12109633745313635,
        "opponent_ELO_before": 0.12221145757540106,
        "h2h_btts": 0.07620592297456152,
        "team_btts_l10": 0.0538366251842136,
        "opponent_btts_l10": 0.0543503731826107,
        "team_conceded_l20": 0.08843590616455996,
        "opponent_conceded_l20": 0.08895655341288553,
        "team_scoring_streak": 0.060836608947550976,
        "opponent_scoring_streak": 0.06055923134101062,
        "team_conceded_streak": 0.059856556098187866,
        "opponent_conceded_streak": 0.05992009678700657
    },
    "high_confidence_threshold": 0.51,
    "high_confidence_accuracy": 0.5201811642467031,
    "high_confidence_precision": 0.5202101441302673,
    "high_confidence_recall": 0.5202100637946918,
    "high_confidence_f1": 0.5201811557324909,
    "number_high_confidence_predictions": 7507,
    "overall_confusion_matrix": [
        [
            2234,
            2038
        ],
        [
            2066,
            2206
        ]
    ]
}