{
    "league_name": "France Ligue 2",
    "accuracy": 0.7285714285714285,
    "threshold_accuracy": 0.8245614035087719,
    "roi": 96.78947368421052
}