team_name,Accuracy
Ajaccio,100.0
Amiens SC,100.0
Caen,100.0
Laval,100.0
Guingamp,100.0
Dunkerque,100.0
Pau,100.0
Red Star,100.0
Martigues,100.0
Lorient,100.0
Rodez,100.0
Troyes,100.0
Bastia,66.66666666666666
Clermont,66.66666666666666
Annecy,66.66666666666666
Grenoble Foot 38,50.0
Paris,33.33333333333333
Metz,33.33333333333333
