{
    "random_state": 42,
    "overall_accuracy": 0.7079008073817762,
    "overall_precision": 0.7075812865120579,
    "overall_recall": 0.7079008073817762,
    "overall_f1": 0.7071925862961045,
    "cv_accuracies": [
        0.6974063400576369,
        0.7118155619596542,
        0.6945244956772334,
        0.7146974063400576,
        0.7262247838616714,
        0.6858789625360231,
        0.7031700288184438,
        0.7002881844380403,
        0.7167630057803468,
        0.7283236994219653
    ],
    "mean_cv_accuracy": 0.7079092468891073,
    "std_cv_accuracy": 0.013218445619180067,
    "cv_precisions": [
        0.699921568627451,
        0.7136466637322508,
        0.6939586504703521,
        0.7137234232249808,
        0.7295197445316414,
        0.6855579537871205,
        0.7078172436329903,
        0.7040264211931698,
        0.7158493038493039,
        0.7291682987335161
    ],
    "mean_cv_precision": 0.7093189271782776,
    "std_cv_precision": 0.01342364801124521,
    "cv_recalls": [
        0.6973013493253374,
        0.7117191404297851,
        0.6943028485757122,
        0.7145177411294353,
        0.7260869565217392,
        0.6858070964517742,
        0.7033733133433283,
        0.7004497751124438,
        0.7168165917041479,
        0.728335832083958
    ],
    "mean_cv_recall": 0.707871064467766,
    "std_cv_recall": 0.013219581082117614,
    "cv_f1s": [
        0.6973732924153646,
        0.7116990005878895,
        0.6925127084892108,
        0.7124564080209241,
        0.7268110479928245,
        0.6847647842214991,
        0.7032534998039436,
        0.7002386807464198,
        0.7156632403328439,
        0.7286053088649914
    ],
    "mean_cv_f1": 0.7073377971475912,
    "std_cv_f1": 0.013571080610621657,
    "feature_importances": {
        "team_id": 0.05178425504067887,
        "opponent_id": 0.05105841434722138,
        "team_ELO_before": 0.1011677777630275,
        "opponent_ELO_before": 0.10083511224279984,
        "opponent_rest_days": 0.0477470095295082,
        "team_rest_days": 0.04859135783411163,
        "is_home": 0.019693282349682373,
        "team_h2h_win_percent": 0.0754741419654473,
        "opponent_h2h_win_percent": 0.07483788545497487,
        "team_ppg": 0.08361561836082443,
        "opponent_ppg": 0.08615735694973421,
        "team_ppg_mc": 0.07837875394152524,
        "opponent_ppg_mc": 0.07725973083699741,
        "team_home_advantage": 0.051546503180216106,
        "opponent_home_advantage": 0.05185280020325067
    },
    "high_confidence_threshold": 0.51,
    "high_confidence_accuracy": 0.8713886300093197,
    "high_confidence_precision": 0.8666321332988,
    "high_confidence_recall": 0.872157563011681,
    "high_confidence_f1": 0.8665337504106962,
    "number_high_confidence_predictions": 2146,
    "overall_confusion_matrix": [
        [
            776,
            175,
            205
        ],
        [
            129,
            893,
            134
        ],
        [
            192,
            178,
            786
        ]
    ]
}