{
    "balance_classes": false,
    "n_estimators": 165,
    "min_sample_leaf": 3,
    "random_state": 22,
    "overall_accuracy": 0.5030948138422583,
    "overall_precision": 0.4404793913142125,
    "overall_recall": 0.4394598276970001,
    "overall_f1": 0.4022917360865881,
    "cv_accuracies": [
        0.5012660602081965,
        0.499015286504736,
        0.5073619056550689,
        0.5056738253774735,
        0.5022976648222827,
        0.5033292694363688,
        0.500984713495264,
        0.5011722779705524,
        0.5038919628622339,
        0.5059551720904061
    ],
    "mean_cv_accuracy": 0.5030948138422582,
    "std_cv_accuracy": 0.0025000487134303785,
    "cv_precisions": [
        0.43999846853909297,
        0.4419664364082514,
        0.4385930033828405,
        0.4410197152820599,
        0.43630625112727567,
        0.4307002440940371,
        0.4372407984931628,
        0.4424809885596053,
        0.4528156762185945,
        0.4434005738422467
    ],
    "mean_cv_precision": 0.4404522155947167,
    "std_cv_precision": 0.005427195786214771,
    "cv_recalls": [
        0.4382267892214724,
        0.4352149672285943,
        0.4430874811137862,
        0.4421768139691678,
        0.43837828809391893,
        0.43936188288818806,
        0.4366107519958026,
        0.4384220403707733,
        0.44067263179117866,
        0.4424470028721173
    ],
    "mean_cv_recall": 0.43945986495449996,
    "std_cv_recall": 0.0024667544114054412,
    "cv_f1s": [
        0.4020426389850876,
        0.4005328138847968,
        0.4047380083604253,
        0.4035449728931089,
        0.4007433017489877,
        0.40173620594331916,
        0.39778315217594207,
        0.4014982193545289,
        0.4058055921206211,
        0.4043091635086104
    ],
    "mean_cv_f1": 0.40227340689754276,
    "std_cv_f1": 0.0022536149974996893,
    "feature_importances": {
        "team_id": 0.06051115448156957,
        "opponent_id": 0.06057468856146542,
        "team_ELO_before": 0.07287313986476922,
        "opponent_ELO_before": 0.0743646421335501,
        "odds_team_win": 0.09712094734456343,
        "odds_draw": 0.06599270579408496,
        "odds_opponent_win": 0.09861331298863758,
        "opponent_rest_days": 0.031155793459398597,
        "team_rest_days": 0.03125453437654015,
        "team_h2h_win_percent": 0.048118237240317024,
        "opponent_h2h_win_percent": 0.04885495651778808,
        "opponent_ppg_mc": 0.057180906854771896,
        "team_ppg_mc": 0.057336681950100166,
        "team_home_advantage": 0.05660467852307723,
        "opponent_away_advantage": 0.056064727432739526,
        "pre_match_home_xg": 0.041710387359859234,
        "pre_match_away_xg": 0.04166850511676786
    },
    "high_confidence_threshold": 0.51,
    "high_confidence_accuracy": 0.6313869477673812,
    "high_confidence_precision": 0.710682489269085,
    "high_confidence_recall": 0.5015952281651209,
    "high_confidence_f1": 0.453721155106634,
    "number_high_confidence_predictions": 42215,
    "overall_confusion_matrix": [
        [
            1630,
            8033,
            18172
        ],
        [
            1709,
            15024,
            15188
        ],
        [
            1889,
            7994,
            36991
        ]
    ]
}