{
    "random_state": 42,
    "overall_accuracy": 0.7380116959064328,
    "overall_precision": 0.7374416596167661,
    "overall_recall": 0.7380116959064327,
    "overall_f1": 0.7371924930279286,
    "cv_accuracies": [
        0.7514619883040936,
        0.7602339181286549,
        0.7134502923976608,
        0.7631578947368421,
        0.7456140350877193,
        0.7309941520467836,
        0.7339181286549707,
        0.716374269005848,
        0.7339181286549707,
        0.7309941520467836
    ],
    "mean_cv_accuracy": 0.7380116959064327,
    "std_cv_accuracy": 0.016025952755607864,
    "cv_precisions": [
        0.7505039664633637,
        0.7600483153840779,
        0.7134964971084456,
        0.7620033256396893,
        0.7474203022904282,
        0.7323715821570868,
        0.7360807088079815,
        0.7196886446886447,
        0.7392255174380743,
        0.7310242387875151
    ],
    "mean_cv_precision": 0.7391863098765307,
    "std_cv_precision": 0.015213675115642148,
    "cv_recalls": [
        0.7514619883040936,
        0.7602339181286549,
        0.7134502923976608,
        0.763157894736842,
        0.7456140350877193,
        0.7309941520467836,
        0.7339181286549707,
        0.7163742690058479,
        0.7339181286549707,
        0.7309941520467836
    ],
    "mean_cv_recall": 0.7380116959064327,
    "std_cv_recall": 0.01602595275560786,
    "cv_f1s": [
        0.7505043134777671,
        0.7599322641083054,
        0.7087626257721641,
        0.762214342001576,
        0.7449973111527696,
        0.7300311170532199,
        0.7346681864235055,
        0.7159699238877493,
        0.7326906597313124,
        0.7297786348751218
    ],
    "mean_cv_f1": 0.7369549378483491,
    "std_cv_f1": 0.016650193867880064,
    "feature_importances": {
        "team_id": 0.06004215784641601,
        "opponent_id": 0.05969790966734919,
        "team_ELO_before": 0.10140736481013786,
        "opponent_ELO_before": 0.1000390678045396,
        "opponent_rest_days": 0.051534682171083535,
        "team_rest_days": 0.05286379852273961,
        "is_home": 0.023402988573941727,
        "team_h2h_win_percent": 0.05057910771928488,
        "opponent_h2h_win_percent": 0.05100078538890392,
        "team_ppg": 0.09622349766011666,
        "opponent_ppg": 0.09572687209088496,
        "team_ppg_mc": 0.07381094720994599,
        "opponent_ppg_mc": 0.07634778367099751,
        "team_home_advantage": 0.053323199367161914,
        "opponent_home_advantage": 0.053999837496496686
    },
    "high_confidence_threshold": 0.51,
    "high_confidence_accuracy": 0.8712282192945177,
    "high_confidence_precision": 0.867469610055235,
    "high_confidence_recall": 0.872782498531499,
    "high_confidence_f1": 0.8672100214499022,
    "number_high_confidence_predictions": 2353,
    "overall_confusion_matrix": [
        [
            806,
            150,
            184
        ],
        [
            104,
            923,
            113
        ],
        [
            191,
            154,
            795
        ]
    ]
}