{
    "model_name": "/root/barnard/ML/Models/serbia_superliga/Training-Results/Match-Result/v6-grayish-uppp-rs42/v6-grayish-uppp-rs42.joblib",
    "accuracy": 0.5974025974025974,
    "precision_macro": 0.5363678804855275,
    "recall_macro": 0.5368606701940036,
    "f1_score_macro": 0.5364953886693017,
    "classification_report": {
        "0": {
            "precision": 0.26666666666666666,
            "recall": 0.26666666666666666,
            "f1-score": 0.26666666666666666,
            "support": 15.0
        },
        "1": {
            "precision": 0.6071428571428571,
            "recall": 0.6296296296296297,
            "f1-score": 0.6181818181818182,
            "support": 27.0
        },
        "2": {
            "precision": 0.7352941176470589,
            "recall": 0.7142857142857143,
            "f1-score": 0.7246376811594203,
            "support": 35.0
        },
        "accuracy": 0.5974025974025974,
        "macro avg": {
            "precision": 0.5363678804855275,
            "recall": 0.5368606701940036,
            "f1-score": 0.5364953886693017,
            "support": 77.0
        },
        "weighted avg": {
            "precision": 0.5990668994870676,
            "recall": 0.5974025974025974,
            "f1-score": 0.5980938692401143,
            "support": 77.0
        }
    },
    "confusion_matrix": [
        [
            4,
            6,
            5
        ],
        [
            6,
            17,
            4
        ],
        [
            5,
            5,
            25
        ]
    ]
}