{
    "random_state": 42,
    "overall_accuracy": 0.7397910731244065,
    "overall_precision": 0.7393588306349752,
    "overall_recall": 0.7397910731244064,
    "overall_f1": 0.7394505170167726,
    "cv_accuracies": [
        0.7156398104265402,
        0.6919431279620853,
        0.7630331753554502,
        0.7582938388625592,
        0.7251184834123223,
        0.7298578199052133,
        0.7523809523809524,
        0.780952380952381,
        0.7095238095238096,
        0.7714285714285715
    ],
    "mean_cv_accuracy": 0.7398171970209886,
    "std_cv_accuracy": 0.02799821682295297,
    "cv_precisions": [
        0.7158902691511386,
        0.6902296454163578,
        0.762972582972583,
        0.7594780831353202,
        0.7283638068448196,
        0.7356754756088534,
        0.7528693528693529,
        0.7811079987550577,
        0.708667447078334,
        0.7757854068857589
    ],
    "mean_cv_precision": 0.7411040068717576,
    "std_cv_precision": 0.028679659729780867,
    "cv_recalls": [
        0.7156270959087859,
        0.6920858484238765,
        0.7632461435278337,
        0.7588195841716968,
        0.7248826291079812,
        0.7295774647887324,
        0.7523809523809524,
        0.780952380952381,
        0.7095238095238096,
        0.7714285714285714
    ],
    "mean_cv_recall": 0.739852448021462,
    "std_cv_recall": 0.02805040020209149,
    "cv_f1s": [
        0.7157341459499733,
        0.6902953878110892,
        0.7624608967674661,
        0.756860335469503,
        0.7244733357409414,
        0.7290647003224073,
        0.7519917290032233,
        0.7809232204823142,
        0.7086371656021138,
        0.7727595818900119
    ],
    "mean_cv_f1": 0.7393200499039043,
    "std_cv_f1": 0.028424473307871737,
    "feature_importances": {
        "team_id": 0.05086316368563073,
        "opponent_id": 0.051070747281495577,
        "team_ELO_before": 0.09912756474802045,
        "opponent_ELO_before": 0.10462541159402702,
        "opponent_rest_days": 0.05608729729401487,
        "team_rest_days": 0.05380206282655229,
        "is_home": 0.021541830866256845,
        "team_h2h_win_percent": 0.06618464712499758,
        "opponent_h2h_win_percent": 0.06499789981856426,
        "team_ppg": 0.0926792238570127,
        "opponent_ppg": 0.09357326713036233,
        "team_ppg_mc": 0.07296986883015617,
        "opponent_ppg_mc": 0.07312423379734517,
        "team_home_advantage": 0.048716066055869374,
        "opponent_home_advantage": 0.0506367150896946
    },
    "high_confidence_threshold": 0.51,
    "high_confidence_accuracy": 0.8860759493670886,
    "high_confidence_precision": 0.8773416958836254,
    "high_confidence_recall": 0.8841683948823892,
    "high_confidence_f1": 0.8794538983301056,
    "number_high_confidence_predictions": 1422,
    "overall_confusion_matrix": [
        [
            517,
            72,
            113
        ],
        [
            74,
            552,
            76
        ],
        [
            115,
            98,
            489
        ]
    ]
}