{
    "random_state": 42,
    "overall_accuracy": 0.7024992472146944,
    "overall_precision": 0.70175248284083,
    "overall_recall": 0.7024992472146945,
    "overall_f1": 0.7011089477078993,
    "cv_accuracies": [
        0.687218045112782,
        0.7037593984962406,
        0.7168674698795181,
        0.7048192771084337,
        0.7304216867469879,
        0.7183734939759037,
        0.6942771084337349,
        0.6822289156626506,
        0.6882530120481928,
        0.6987951807228916
    ],
    "mean_cv_accuracy": 0.7025013588187337,
    "std_cv_accuracy": 0.014743646114938499,
    "cv_precisions": [
        0.6859260995508104,
        0.7037415893798872,
        0.7190481994403563,
        0.7041386128703552,
        0.7312815843172525,
        0.7213500784929358,
        0.6927537995125231,
        0.6818836900052839,
        0.6883998343942451,
        0.6958755018241211
    ],
    "mean_cv_precision": 0.702439898978777,
    "std_cv_precision": 0.015808706204969124,
    "cv_recalls": [
        0.6871509518568342,
        0.7037082331199978,
        0.716990746402511,
        0.7049243813949696,
        0.730483877542701,
        0.7184514831573655,
        0.6944070767600179,
        0.6823407117524765,
        0.6881564822741293,
        0.6985922574157869
    ],
    "mean_cv_recall": 0.702520620167679,
    "std_cv_recall": 0.014776179107018563,
    "cv_f1s": [
        0.6855669142788301,
        0.7032761568987561,
        0.7155557676171451,
        0.7034629989781814,
        0.7297129258246139,
        0.7171470462753716,
        0.6919994411350511,
        0.6803446627767316,
        0.6880592740235526,
        0.695723438267844
    ],
    "mean_cv_f1": 0.7010848626076078,
    "std_cv_f1": 0.014997808054518374,
    "feature_importances": {
        "team_id": 0.07259558273572427,
        "opponent_id": 0.07245349271014638,
        "team_ELO_before": 0.09943993847388641,
        "opponent_ELO_before": 0.0989444930038909,
        "opponent_rest_days": 0.04131598413479241,
        "team_rest_days": 0.041531139811533564,
        "is_home": 0.009069113966509229,
        "team_h2h_win_percent": 0.058011008734393146,
        "opponent_h2h_win_percent": 0.058983638636782534,
        "team_ppg": 0.09606168129444285,
        "opponent_ppg": 0.09155436036154974,
        "team_ppg_mc": 0.08449515198370075,
        "opponent_ppg_mc": 0.08317081378245024,
        "team_home_advantage": 0.04644391581410445,
        "opponent_home_advantage": 0.045929684556093135
    },
    "high_confidence_threshold": 0.51,
    "high_confidence_accuracy": 0.8975966562173459,
    "high_confidence_precision": 0.8844198871631854,
    "high_confidence_recall": 0.898659441188682,
    "high_confidence_f1": 0.8879095390364834,
    "number_high_confidence_predictions": 3828,
    "overall_confusion_matrix": [
        [
            1458,
            303,
            453
        ],
        [
            207,
            1763,
            244
        ],
        [
            388,
            381,
            1445
        ]
    ]
}