{
    "random_state": 42,
    "overall_accuracy": 0.7266922094508301,
    "overall_precision": 0.7263089392377461,
    "overall_recall": 0.7266922094508302,
    "overall_f1": 0.725689295776367,
    "cv_accuracies": [
        0.7161084529505582,
        0.733652312599681,
        0.7352472089314195,
        0.7400318979266348,
        0.7300319488817891,
        0.7028753993610224,
        0.7300319488817891,
        0.7252396166134185,
        0.7252396166134185,
        0.7284345047923323
    ],
    "mean_cv_accuracy": 0.7266892907552064,
    "std_cv_accuracy": 0.01004190203001026,
    "cv_precisions": [
        0.7177356520793282,
        0.7332703397530717,
        0.7341825680455983,
        0.7408907170002125,
        0.7300403336227417,
        0.7015445066915657,
        0.7305773215007223,
        0.7250192524774196,
        0.7242411312303786,
        0.7288866908373114
    ],
    "mean_cv_precision": 0.726638851323835,
    "std_cv_precision": 0.010264013050681182,
    "cv_recalls": [
        0.7161084529505581,
        0.7336523125996811,
        0.7352472089314195,
        0.7400318979266348,
        0.730033124769967,
        0.7027128573181205,
        0.7300867991657465,
        0.7252177646914489,
        0.7253327812538338,
        0.7285609127714391
    ],
    "mean_cv_recall": 0.7266984112378849,
    "std_cv_recall": 0.01008366116696175,
    "cv_f1s": [
        0.715510606324842,
        0.7330167928428578,
        0.7328649509407231,
        0.7382610417904535,
        0.7299583911234397,
        0.6999187199745496,
        0.7290946452514787,
        0.7247139415838602,
        0.7239359963640178,
        0.7271782657324826
    ],
    "mean_cv_f1": 0.7254453351928706,
    "std_cv_f1": 0.010326800825401484,
    "feature_importances": {
        "team_id": 0.05468133241113852,
        "opponent_id": 0.05615683117187835,
        "team_ELO_before": 0.08449180424097791,
        "opponent_ELO_before": 0.08363637919091117,
        "odds_draw": 0.08982834547938297,
        "opponent_rest_days": 0.04469985869555916,
        "team_rest_days": 0.043893879320121926,
        "is_home": 0.01888510417308458,
        "team_h2h_win_percent": 0.06347187735353191,
        "opponent_h2h_win_percent": 0.0634225705447509,
        "team_ppg": 0.08412657766384177,
        "opponent_ppg": 0.08370514325586902,
        "team_ppg_mc": 0.07036584640933542,
        "opponent_ppg_mc": 0.07074275077759072,
        "team_home_advantage": 0.04393525742735373,
        "opponent_home_advantage": 0.04395644188467203
    },
    "high_confidence_threshold": 0.51,
    "high_confidence_accuracy": 0.8999746771334515,
    "high_confidence_precision": 0.8952792547808541,
    "high_confidence_recall": 0.8984899542488195,
    "high_confidence_f1": 0.8952553073037977,
    "number_high_confidence_predictions": 3949,
    "overall_confusion_matrix": [
        [
            1505,
            263,
            320
        ],
        [
            215,
            1663,
            210
        ],
        [
            376,
            328,
            1384
        ]
    ]
}