{
    "model_name": "/root/barnard/ML/Models/latvia_virsliga/Training-Results/Match-Result/v6-sororal-flunk-rs42/v6-sororal-flunk-rs42.joblib",
    "accuracy": 0.5714285714285714,
    "precision_macro": 0.510576923076923,
    "recall_macro": 0.5054080102805739,
    "f1_score_macro": 0.5053440966192644,
    "classification_report": {
        "0": {
            "precision": 0.2692307692307692,
            "recall": 0.2413793103448276,
            "f1-score": 0.2545454545454545,
            "support": 29.0
        },
        "1": {
            "precision": 0.625,
            "recall": 0.5357142857142857,
            "f1-score": 0.5769230769230769,
            "support": 56.0
        },
        "2": {
            "precision": 0.6375,
            "recall": 0.7391304347826086,
            "f1-score": 0.6845637583892618,
            "support": 69.0
        },
        "accuracy": 0.5714285714285714,
        "macro avg": {
            "precision": 0.510576923076923,
            "recall": 0.5054080102805739,
            "f1-score": 0.5053440966192644,
            "support": 154.0
        },
        "weighted avg": {
            "precision": 0.5636051448551448,
            "recall": 0.5714285714285714,
            "f1-score": 0.5644442195998023,
            "support": 154.0
        }
    },
    "confusion_matrix": [
        [
            7,
            10,
            12
        ],
        [
            9,
            30,
            17
        ],
        [
            10,
            8,
            51
        ]
    ]
}