team_name,Accuracy
Rīgas FS,93.33333333333333
Riga,87.5
FS Jelgava,60.0
BFC Daugavpils,53.333333333333336
Valmiera / BSS,53.333333333333336
Tukums,47.05882352941176
Auda,46.666666666666664
Metta - LU,46.666666666666664
Liepāja,43.75
Grobiņa,40.0
