{
    "random_state": 42,
    "overall_accuracy": 0.7023346303501945,
    "overall_precision": 0.7016947109299269,
    "overall_recall": 0.7023346303501946,
    "overall_f1": 0.7015796697095286,
    "cv_accuracies": [
        0.714902807775378,
        0.7386609071274298,
        0.712742980561555,
        0.6695464362850972,
        0.6846652267818575,
        0.7062634989200864,
        0.6861471861471862,
        0.7142857142857143,
        0.6926406926406926,
        0.7034632034632035
    ],
    "mean_cv_accuracy": 0.7023318653988201,
    "std_cv_accuracy": 0.018678084776970968,
    "cv_precisions": [
        0.7145433372513169,
        0.7389489489489489,
        0.7184503315340383,
        0.6663778650547387,
        0.6838489883132741,
        0.7056549809033252,
        0.6874068276684556,
        0.7151367542855325,
        0.6917510600917979,
        0.7047051116041329
    ],
    "mean_cv_precision": 0.7026824205655562,
    "std_cv_precision": 0.019743770069903667,
    "cv_recalls": [
        0.7148582600195503,
        0.7386817483591677,
        0.7127635805055159,
        0.669780756877531,
        0.6845971233068008,
        0.7060885351207932,
        0.6861471861471862,
        0.7142857142857143,
        0.6926406926406926,
        0.7034632034632035
    ],
    "mean_cv_recall": 0.7023306800726157,
    "std_cv_recall": 0.018642131398556458,
    "cv_f1s": [
        0.7146862505013383,
        0.7383405309677974,
        0.714336701688639,
        0.6666226725311872,
        0.6840400576334561,
        0.7051818611526585,
        0.6844678192505692,
        0.7130699855134935,
        0.6913097876842417,
        0.7021992467611803
    ],
    "mean_cv_f1": 0.7014254913684561,
    "std_cv_f1": 0.019388012013739114,
    "feature_importances": {
        "team_id": 0.060496387276193206,
        "opponent_id": 0.0595921684803975,
        "team_ELO_before": 0.09670718079487499,
        "opponent_ELO_before": 0.0959237632142685,
        "opponent_rest_days": 0.05691339064408607,
        "team_rest_days": 0.05664302257862379,
        "is_home": 0.014555165815068905,
        "team_h2h_win_percent": 0.06055597257675196,
        "opponent_h2h_win_percent": 0.060828551721013445,
        "team_ppg": 0.09017713269609917,
        "opponent_ppg": 0.09327774612404813,
        "team_ppg_mc": 0.0783608729494157,
        "opponent_ppg_mc": 0.0781913169256906,
        "team_home_advantage": 0.04898968535933863,
        "opponent_home_advantage": 0.04878764284412942
    },
    "high_confidence_threshold": 0.51,
    "high_confidence_accuracy": 0.8888086642599278,
    "high_confidence_precision": 0.8763480058993341,
    "high_confidence_recall": 0.8856668917001967,
    "high_confidence_f1": 0.8795257402097422,
    "number_high_confidence_predictions": 2770,
    "overall_confusion_matrix": [
        [
            1089,
            182,
            271
        ],
        [
            142,
            1179,
            221
        ],
        [
            272,
            289,
            981
        ]
    ]
}