{
    "team_id": 0.09705907639070063,
    "opponent_id": 0.09752375809616595,
    "team_ELO_before": 0.16068995392950688,
    "opponent_ELO_before": 0.16124439735342871,
    "h2h_btts": 0.0964551051116527,
    "team_btts_l5": 0.05055943258091439,
    "team_btts_l10": 0.06265130707867331,
    "team_btts_l20": 0.07978703543504888,
    "opponent_btts_l5": 0.05094657112932767,
    "opponent_btts_l10": 0.06312637191795509,
    "opponent_btts_l20": 0.07995699097662581
}