{
    "random_state": 42,
    "overall_accuracy": 0.517439138576779,
    "overall_precision": 0.5174412496866057,
    "overall_recall": 0.517439138576779,
    "overall_f1": 0.5174245356982143,
    "cv_accuracies": [
        0.5157894736842106,
        0.52046783625731,
        0.5157894736842106,
        0.5263157894736842,
        0.49063231850117095,
        0.509367681498829,
        0.5011709601873536,
        0.5257611241217799,
        0.5281030444964872,
        0.5409836065573771
    ],
    "mean_cv_accuracy": 0.5174381308462414,
    "std_cv_accuracy": 0.013708153320372132,
    "cv_precisions": [
        0.5159281390656526,
        0.5205261715538504,
        0.5158045977011494,
        0.5263191037322587,
        0.4906174467150077,
        0.5093689661225207,
        0.5011784316647624,
        0.5257612654117854,
        0.5281848184818482,
        0.5410277105192359
    ],
    "mean_cv_precision": 0.5174716650968072,
    "std_cv_precision": 0.013723765527099795,
    "cv_recalls": [
        0.5157231499923395,
        0.5204918032786885,
        0.5157997548644093,
        0.5263000941145571,
        0.49063231850117095,
        0.509367681498829,
        0.5011709601873536,
        0.5257611241217799,
        0.5281030444964872,
        0.540983606557377
    ],
    "mean_cv_recall": 0.5174333537612992,
    "std_cv_recall": 0.013708359170099627,
    "cv_f1s": [
        0.5141938777750938,
        0.5202781852816886,
        0.5157570152782034,
        0.526222463027497,
        0.49043039558205664,
        0.5093508626871852,
        0.5003790375741595,
        0.5257604738693158,
        0.5277605116446917,
        0.5408602150537634
    ],
    "mean_cv_f1": 0.5170993037773656,
    "std_cv_f1": 0.01381186081522765,
    "feature_importances": {
        "team_id": 0.09705907639070063,
        "opponent_id": 0.09752375809616595,
        "team_ELO_before": 0.16068995392950688,
        "opponent_ELO_before": 0.16124439735342871,
        "h2h_btts": 0.0964551051116527,
        "team_btts_l5": 0.05055943258091439,
        "team_btts_l10": 0.06265130707867331,
        "team_btts_l20": 0.07978703543504888,
        "opponent_btts_l5": 0.05094657112932767,
        "opponent_btts_l10": 0.06312637191795509,
        "opponent_btts_l20": 0.07995699097662581
    },
    "high_confidence_threshold": 0.51,
    "high_confidence_accuracy": 0.522635880140096,
    "high_confidence_precision": 0.5226332439099384,
    "high_confidence_recall": 0.5226325035420656,
    "high_confidence_f1": 0.5226300243360229,
    "number_high_confidence_predictions": 7709,
    "overall_confusion_matrix": [
        [
            2234,
            2038
        ],
        [
            2085,
            2187
        ]
    ]
}