{
    "random_state": 42,
    "overall_accuracy": 0.522003745318352,
    "overall_precision": 0.522003750141096,
    "overall_recall": 0.522003745318352,
    "overall_f1": 0.522003719126752,
    "cv_accuracies": [
        0.5052631578947369,
        0.5274853801169591,
        0.5497076023391813,
        0.52046783625731,
        0.5210772833723654,
        0.5046838407494145,
        0.5117096018735363,
        0.5351288056206089,
        0.5234192037470726,
        0.5210772833723654
    ],
    "mean_cv_accuracy": 0.522001999534355,
    "std_cv_accuracy": 0.012892223023456073,
    "cv_precisions": [
        0.5052472527472527,
        0.5274829001367989,
        0.5497192671394799,
        0.5204642990081234,
        0.5210783238262395,
        0.5046838664385064,
        0.5117240697623335,
        0.5351336229594523,
        0.5234224153063016,
        0.5210912802950474
    ],
    "mean_cv_precision": 0.5220047297619536,
    "std_cv_precision": 0.012895993403337871,
    "cv_recalls": [
        0.50522554663048,
        0.5274819978550636,
        0.5497138260850533,
        0.5204562367309418,
        0.5210772833723654,
        0.5046838407494145,
        0.5117096018735363,
        0.5351288056206089,
        0.5234192037470726,
        0.5210772833723654
    ],
    "mean_cv_recall": 0.5219973626036902,
    "std_cv_recall": 0.012898441886972353,
    "cv_f1s": [
        0.5047319994358027,
        0.5274795626908303,
        0.5496977465393722,
        0.5204146966115051,
        0.5210713732351396,
        0.5046831615968409,
        0.5115589137707091,
        0.5351128698969273,
        0.5234028666197719,
        0.5209978126564225
    ],
    "mean_cv_f1": 0.5219151003053322,
    "std_cv_f1": 0.012971071714143197,
    "feature_importances": {
        "team_id": 0.06686433629033754,
        "opponent_id": 0.06725846871836677,
        "team_ELO_before": 0.10306722758372985,
        "opponent_ELO_before": 0.10324939628451109,
        "h2h_btts": 0.06623383447068401,
        "team_conceded_l5": 0.05643771950728471,
        "team_conceded_l10": 0.06378731005995125,
        "team_conceded_l20": 0.0731913129284341,
        "opponent_conceded_l5": 0.056538283579202694,
        "opponent_conceded_l10": 0.06383797389029891,
        "opponent_conceded_l20": 0.07317613227321754,
        "team_scoring_streak": 0.05265112182225555,
        "opponent_scoring_streak": 0.05247064187920018,
        "team_conceded_streak": 0.05076393273866179,
        "opponent_conceded_streak": 0.050472307973864004
    },
    "high_confidence_threshold": 0.51,
    "high_confidence_accuracy": 0.5242420195004674,
    "high_confidence_precision": 0.5242397772872693,
    "high_confidence_recall": 0.5242378573090201,
    "high_confidence_f1": 0.5242304000799232,
    "number_high_confidence_predictions": 7487,
    "overall_confusion_matrix": [
        [
            2231,
            2041
        ],
        [
            2043,
            2229
        ]
    ]
}