{
    "random_state": 42,
    "overall_accuracy": 0.723499361430396,
    "overall_precision": 0.7235325646924546,
    "overall_recall": 0.7234993614303958,
    "overall_f1": 0.7225335177830052,
    "cv_accuracies": [
        0.7208931419457735,
        0.7272727272727273,
        0.7033492822966507,
        0.7432216905901117,
        0.7364217252396166,
        0.7092651757188498,
        0.7476038338658147,
        0.7236421725239617,
        0.7236421725239617,
        0.6996805111821086
    ],
    "mean_cv_accuracy": 0.7234992433159576,
    "std_cv_accuracy": 0.01527753306024467,
    "cv_precisions": [
        0.7204356590379929,
        0.7270449532550111,
        0.7053137085575054,
        0.7457555302299758,
        0.7369454781735483,
        0.7095587820534516,
        0.7477144524411593,
        0.723620009334295,
        0.7234039595644125,
        0.6995039987615659
    ],
    "mean_cv_precision": 0.7239296531408917,
    "std_cv_precision": 0.015438492584315976,
    "cv_recalls": [
        0.7208931419457736,
        0.7272727272727272,
        0.7033492822966507,
        0.7432216905901118,
        0.7364663844927003,
        0.7091154459575512,
        0.747615323273218,
        0.7235845295055822,
        0.7237148816096185,
        0.6998451110293216
    ],
    "mean_cv_recall": 0.7235078517973255,
    "std_cv_recall": 0.015271619092674162,
    "cv_f1s": [
        0.7201904364260686,
        0.7262527983846186,
        0.7007660081800268,
        0.7419418615886606,
        0.7359037597659165,
        0.7064897758292266,
        0.7471385245578794,
        0.7231643551943036,
        0.7226237337281436,
        0.6974903985559063
    ],
    "mean_cv_f1": 0.7221961652210751,
    "std_cv_f1": 0.015930563690134198,
    "feature_importances": {
        "team_id": 0.061991772729906226,
        "opponent_id": 0.0631032728761963,
        "team_ELO_before": 0.09309229627532074,
        "opponent_ELO_before": 0.09357587125172173,
        "opponent_rest_days": 0.04991855176397146,
        "team_rest_days": 0.050096645493837674,
        "is_home": 0.016526401408512522,
        "team_h2h_win_percent": 0.07050762054705713,
        "opponent_h2h_win_percent": 0.07042259701471922,
        "team_ppg": 0.09432066787462282,
        "opponent_ppg": 0.09186288087056572,
        "team_ppg_mc": 0.0781593957134045,
        "opponent_ppg_mc": 0.07738776421665881,
        "team_home_advantage": 0.04445233510521655,
        "opponent_home_advantage": 0.044581926858288615
    },
    "high_confidence_threshold": 0.51,
    "high_confidence_accuracy": 0.8911088911088911,
    "high_confidence_precision": 0.8878491733768259,
    "high_confidence_recall": 0.8914109152458519,
    "high_confidence_f1": 0.8872391569434139,
    "number_high_confidence_predictions": 4004,
    "overall_confusion_matrix": [
        [
            1457,
            300,
            331
        ],
        [
            214,
            1666,
            208
        ],
        [
            340,
            339,
            1409
        ]
    ]
}