{
    "random_state": 42,
    "overall_accuracy": 0.7413128632802628,
    "overall_precision": 0.7409276351225849,
    "overall_recall": 0.7413128632802629,
    "overall_f1": 0.7403384669231831,
    "cv_accuracies": [
        0.7340492735312697,
        0.7413139608338598,
        0.7375236891977258,
        0.7602653190145294,
        0.7286797220467467,
        0.7444725205306381,
        0.7453396524486572,
        0.7345971563981043,
        0.7387045813586098,
        0.7481832543443918
    ],
    "mean_cv_accuracy": 0.7413129129704532,
    "std_cv_accuracy": 0.008433350491146357,
    "cv_precisions": [
        0.7337414877049087,
        0.7407548324701323,
        0.7368381900397774,
        0.7605443487947481,
        0.7290287134633003,
        0.7446701085088345,
        0.7450327111279357,
        0.7340149054262239,
        0.7381202682605054,
        0.7481839040053796
    ],
    "mean_cv_precision": 0.7410929469801747,
    "std_cv_precision": 0.00856562305443426,
    "cv_recalls": [
        0.7340615874383646,
        0.7413255780554359,
        0.7374999999999999,
        0.7602422327540811,
        0.7286927330173776,
        0.7444833405141461,
        0.7453396524486573,
        0.7345971563981042,
        0.7387045813586098,
        0.7481832543443918
    ],
    "mean_cv_recall": 0.7413130116329167,
    "std_cv_recall": 0.008426629750288314,
    "cv_f1s": [
        0.7330439026378147,
        0.7405493595223422,
        0.7366301711965592,
        0.7594285709219607,
        0.7274927677638029,
        0.742754055398969,
        0.7445619032348924,
        0.734058975236707,
        0.7375727017243698,
        0.7471863559583419
    ],
    "mean_cv_f1": 0.740327876359576,
    "std_cv_f1": 0.00845042647534236,
    "feature_importances": {
        "team_id": 0.05152451959967337,
        "opponent_id": 0.05123796352862359,
        "team_ELO_before": 0.06706637399860824,
        "opponent_ELO_before": 0.06726544046778105,
        "odds_team_win": 0.062363621385741475,
        "odds_draw": 0.06301670940134566,
        "odds_opponent_win": 0.06265644339777213,
        "opponent_rest_days": 0.03559312690748852,
        "team_rest_days": 0.03564757582522428,
        "is_home": 0.014769336285534607,
        "team_h2h_win_percent": 0.049347802121232937,
        "opponent_h2h_win_percent": 0.049705965448894295,
        "team_ppg": 0.07243887413871983,
        "opponent_ppg": 0.07115557084506435,
        "team_ppg_mc": 0.057260100202297534,
        "opponent_ppg_mc": 0.05707175960552047,
        "team_home_advantage": 0.03265835128008631,
        "opponent_home_advantage": 0.0332173714076645,
        "team_away_advantage": 0.03314014073391169,
        "opponent_away_advantage": 0.03286295341881523
    },
    "high_confidence_threshold": 0.51,
    "high_confidence_accuracy": 0.8919618463308249,
    "high_confidence_precision": 0.8908980100823801,
    "high_confidence_recall": 0.893868440205383,
    "high_confidence_f1": 0.8888028382656943,
    "number_high_confidence_predictions": 20863,
    "overall_confusion_matrix": [
        [
            7380,
            1355,
            1817
        ],
        [
            955,
            8644,
            953
        ],
        [
            1595,
            1514,
            7443
        ]
    ]
}