{
    "random_state": 42,
    "overall_accuracy": 0.7196679438058748,
    "overall_precision": 0.7192309545996354,
    "overall_recall": 0.7196679438058747,
    "overall_f1": 0.7187044668189708,
    "cv_accuracies": [
        0.7113237639553429,
        0.7192982456140351,
        0.7129186602870813,
        0.722488038277512,
        0.7188498402555911,
        0.7028753993610224,
        0.7284345047923323,
        0.7396166134185304,
        0.7284345047923323,
        0.7124600638977636
    ],
    "mean_cv_accuracy": 0.7196699634651543,
    "std_cv_accuracy": 0.010047560458546044,
    "cv_precisions": [
        0.7114292067122255,
        0.7189832427286528,
        0.7102134692380603,
        0.7225519312552501,
        0.7189952809016025,
        0.7048892071448463,
        0.7286150317572336,
        0.7405973511236669,
        0.7295265693414593,
        0.7126279487887223
    ],
    "mean_cv_precision": 0.7198429238991719,
    "std_cv_precision": 0.01024427611180579,
    "cv_recalls": [
        0.711323763955343,
        0.7192982456140351,
        0.7129186602870813,
        0.7224880382775121,
        0.7188535149061465,
        0.7027128573181205,
        0.7284535639798797,
        0.7395948349895719,
        0.7285225739173108,
        0.7126196172248803
    ],
    "mean_cv_recall": 0.7196785670469881,
    "std_cv_recall": 0.010068547039051861,
    "cv_f1s": [
        0.7111089027050354,
        0.7183625606648207,
        0.709376745867429,
        0.7208252791904398,
        0.7186661300808725,
        0.7000951356466878,
        0.7282870421869054,
        0.7396077136996309,
        0.7274106939902046,
        0.7106412815155646
    ],
    "mean_cv_f1": 0.7184381485547591,
    "std_cv_f1": 0.010791190708762352,
    "feature_importances": {
        "team_id": 0.04788891792266568,
        "opponent_id": 0.04906346262726287,
        "team_ELO_before": 0.07160311097315537,
        "opponent_ELO_before": 0.07264117878780049,
        "odds_team_win": 0.06712094004871762,
        "odds_draw": 0.07098908578456478,
        "odds_opponent_win": 0.06766772101155691,
        "opponent_rest_days": 0.03930395110316914,
        "team_rest_days": 0.03903888910926962,
        "is_home": 0.01924921383729548,
        "team_h2h_win_percent": 0.05526202254701792,
        "opponent_h2h_win_percent": 0.05510214706302069,
        "team_ppg": 0.07180959129828698,
        "opponent_ppg": 0.07109948920497274,
        "team_ppg_mc": 0.060980306722397404,
        "opponent_ppg_mc": 0.061352891365901364,
        "team_home_advantage": 0.03997083683128515,
        "opponent_home_advantage": 0.03985624376165985
    },
    "high_confidence_threshold": 0.51,
    "high_confidence_accuracy": 0.8926496590047992,
    "high_confidence_precision": 0.8869883110058495,
    "high_confidence_recall": 0.8909239231448681,
    "high_confidence_f1": 0.887219355029374,
    "number_high_confidence_predictions": 3959,
    "overall_confusion_matrix": [
        [
            1480,
            274,
            334
        ],
        [
            225,
            1650,
            213
        ],
        [
            381,
            329,
            1378
        ]
    ]
}