{
    "model_name": "/root/barnard/ML/Models/ukraine_ukrainian_premier_league/Training-Results/Match-Result/v6-brown-notch-rs42/v6-brown-notch-rs42.joblib",
    "accuracy": 0.5714285714285714,
    "precision_macro": 0.5644796380090498,
    "recall_macro": 0.5416289592760181,
    "f1_score_macro": 0.5444444444444444,
    "classification_report": {
        "0": {
            "precision": 0.38461538461538464,
            "recall": 0.29411764705882354,
            "f1-score": 0.3333333333333333,
            "support": 17.0
        },
        "1": {
            "precision": 0.75,
            "recall": 0.6,
            "f1-score": 0.6666666666666666,
            "support": 20.0
        },
        "2": {
            "precision": 0.5588235294117647,
            "recall": 0.7307692307692307,
            "f1-score": 0.6333333333333333,
            "support": 26.0
        },
        "accuracy": 0.5714285714285714,
        "macro avg": {
            "precision": 0.5644796380090498,
            "recall": 0.5416289592760181,
            "f1-score": 0.5444444444444444,
            "support": 63.0
        },
        "weighted avg": {
            "precision": 0.572505925447102,
            "recall": 0.5714285714285714,
            "f1-score": 0.562962962962963,
            "support": 63.0
        }
    },
    "confusion_matrix": [
        [
            5,
            1,
            11
        ],
        [
            4,
            12,
            4
        ],
        [
            4,
            3,
            19
        ]
    ]
}