{
    "n_estimators": 165,
    "min_sample_leaf": 5,
    "random_state": 42,
    "overall_accuracy": 0.665415244596132,
    "overall_precision": 0.6650522549893364,
    "overall_recall": 0.665415244596132,
    "overall_f1": 0.664544942986506,
    "cv_accuracies": [
        0.668702472905814,
        0.6602598646787617,
        0.673013592000479,
        0.6643314771570564,
        0.6709777857613316,
        0.6655290102389079,
        0.6555894856595413,
        0.6669660499371295,
        0.6672654332075924,
        0.6615172744147058
    ],
    "mean_cv_accuracy": 0.6654152445961319,
    "std_cv_accuracy": 0.00494788802769916,
    "cv_precisions": [
        0.668115975734158,
        0.6602382506685961,
        0.6729827060817523,
        0.6638105479677993,
        0.6708762515978647,
        0.6653476732700407,
        0.6550863678664104,
        0.6663629882692523,
        0.66690450867416,
        0.6609454163263829
    ],
    "mean_cv_precision": 0.6650670686456417,
    "std_cv_precision": 0.0050232740584795574,
    "cv_recalls": [
        0.6687024729058141,
        0.6602598646787617,
        0.6730135920004789,
        0.6643314771570565,
        0.6709777857613316,
        0.6655290102389079,
        0.6555894856595413,
        0.6669660499371295,
        0.6672654332075925,
        0.6615172744147056
    ],
    "mean_cv_recall": 0.6654152445961321,
    "std_cv_recall": 0.004947888027699162,
    "cv_f1s": [
        0.667629846835545,
        0.6595113206903579,
        0.6722532807772842,
        0.6633195281072634,
        0.6702333493933906,
        0.6647003804816247,
        0.6546374922742105,
        0.6660355157073322,
        0.666531411009414,
        0.6605745912596747
    ],
    "mean_cv_f1": 0.6645426716536097,
    "std_cv_f1": 0.00498242219878817,
    "feature_importances": {
        "team_id": 0.07056837233001416,
        "opponent_id": 0.07095155824499293,
        "team_ELO_before": 0.08373965273140695,
        "opponent_ELO_before": 0.08375833575869833,
        "odds_team_win": 0.0854025788037525,
        "odds_draw": 0.0748359075288394,
        "odds_opponent_win": 0.08377009050986252,
        "opponent_rest_days": 0.03560884406374954,
        "team_rest_days": 0.03571414806353697,
        "team_h2h_win_percent": 0.055666232391678915,
        "opponent_h2h_win_percent": 0.05554495646524664,
        "pre_match_home_ppg": 0.07175260015893727,
        "pre_match_away_ppg": 0.07196910925160024,
        "team_home_advantage": 0.06066812615703138,
        "opponent_home_advantage": 0.06004948754065227
    },
    "high_confidence_threshold": 0.51,
    "high_confidence_accuracy": 0.866824985607369,
    "high_confidence_precision": 0.8685806963212688,
    "high_confidence_recall": 0.8680798971434066,
    "high_confidence_f1": 0.8620818248689227,
    "number_high_confidence_predictions": 69480,
    "overall_confusion_matrix": [
        [
            36594,
            8184,
            10892
        ],
        [
            5570,
            41046,
            9054
        ],
        [
            10660,
            11519,
            33491
        ]
    ]
}