{
    "model_name": "/root/barnard/ML/Models/germany_2_bundesliga/Training-Results/Match-Result/v6-chained-shock-rs42/v6-chained-shock-rs42.joblib",
    "accuracy": 0.4888888888888889,
    "precision_macro": 0.3560784313725491,
    "recall_macro": 0.48888888888888893,
    "f1_score_macro": 0.4083333333333334,
    "classification_report": {
        "0": {
            "precision": 0.0,
            "recall": 0.0,
            "f1-score": 0.0,
            "support": 15.0
        },
        "1": {
            "precision": 0.48,
            "recall": 0.8,
            "f1-score": 0.6,
            "support": 15.0
        },
        "2": {
            "precision": 0.5882352941176471,
            "recall": 0.6666666666666666,
            "f1-score": 0.625,
            "support": 15.0
        },
        "accuracy": 0.4888888888888889,
        "macro avg": {
            "precision": 0.3560784313725491,
            "recall": 0.48888888888888893,
            "f1-score": 0.4083333333333334,
            "support": 45.0
        },
        "weighted avg": {
            "precision": 0.356078431372549,
            "recall": 0.4888888888888889,
            "f1-score": 0.4083333333333333,
            "support": 45.0
        }
    },
    "confusion_matrix": [
        [
            0,
            9,
            6
        ],
        [
            2,
            12,
            1
        ],
        [
            1,
            4,
            10
        ]
    ]
}