team_name,Accuracy
Karlsruher SC,100.0
Hertha BSC,100.0
Köln,100.0
Nürnberg,66.66666666666666
Paderborn,66.66666666666666
Hamburger SV,66.66666666666666
Jahn Regensburg,66.66666666666666
Schalke 04,50.0
Ulm,50.0
Hannover 96,50.0
Preußen Münster,33.33333333333333
Eintracht Braunschweig,33.33333333333333
Fortuna Düsseldorf,33.33333333333333
Elversberg,33.33333333333333
Kaiserslautern,33.33333333333333
Darmstadt 98,0.0
Greuther Fürth,0.0
Magdeburg,0.0
