{
    "random_state": 42,
    "overall_accuracy": 0.6924711596842744,
    "overall_precision": 0.6919358874931634,
    "overall_recall": 0.6924711596842744,
    "overall_f1": 0.6911129495317613,
    "cv_accuracies": [
        0.6636363636363637,
        0.6848484848484848,
        0.6818181818181818,
        0.7121212121212122,
        0.7325227963525835,
        0.6747720364741642,
        0.6656534954407295,
        0.6899696048632219,
        0.7355623100303952,
        0.6838905775075987
    ],
    "mean_cv_accuracy": 0.6924795063092936,
    "std_cv_accuracy": 0.02441817257529108,
    "cv_precisions": [
        0.6616112542243514,
        0.6837242284301107,
        0.6815545953476988,
        0.7123012961604305,
        0.7347369548912462,
        0.675800658824138,
        0.6659565580618213,
        0.6960651394732741,
        0.736226930963773,
        0.6837135492002749
    ],
    "mean_cv_precision": 0.6931691165577119,
    "std_cv_precision": 0.02511550102615138,
    "cv_recalls": [
        0.6636363636363636,
        0.6848484848484849,
        0.681818181818182,
        0.7121212121212123,
        0.7323324993049765,
        0.6742563247150403,
        0.6659160411453989,
        0.6901862663330554,
        0.7355296080066722,
        0.6839310536558244
    ],
    "mean_cv_recall": 0.692457603558521,
    "std_cv_recall": 0.024386931635087945,
    "cv_f1s": [
        0.6623335128241995,
        0.6834316124837573,
        0.6768564099653434,
        0.7102201198550473,
        0.7324921359445925,
        0.6682947121903119,
        0.6636079279004775,
        0.6897043395326657,
        0.7357163086135049,
        0.6836419255649625
    ],
    "mean_cv_f1": 0.6906299004874862,
    "std_cv_f1": 0.025475387517254137,
    "feature_importances": {
        "team_id": 0.05789791066381358,
        "opponent_id": 0.05994652722920914,
        "team_ELO_before": 0.09630110428531963,
        "opponent_ELO_before": 0.09982495984446035,
        "opponent_rest_days": 0.05063210781993077,
        "team_rest_days": 0.05040084894626036,
        "is_home": 0.014610055867641183,
        "team_h2h_win_percent": 0.06854329079261037,
        "opponent_h2h_win_percent": 0.07013308737739474,
        "team_ppg": 0.08790703519820339,
        "opponent_ppg": 0.08967981997362953,
        "team_ppg_mc": 0.07727234853458868,
        "opponent_ppg_mc": 0.07768726417528572,
        "team_home_advantage": 0.05129380139115515,
        "opponent_home_advantage": 0.04786983790049741
    },
    "high_confidence_threshold": 0.51,
    "high_confidence_accuracy": 0.8817148760330579,
    "high_confidence_precision": 0.8737206627636737,
    "high_confidence_recall": 0.8810146639379636,
    "high_confidence_f1": 0.8752711786858128,
    "number_high_confidence_predictions": 1936,
    "overall_confusion_matrix": [
        [
            767,
            149,
            182
        ],
        [
            114,
            841,
            143
        ],
        [
            203,
            222,
            673
        ]
    ]
}