{
    "random_state": 42,
    "overall_accuracy": 0.7297254150702427,
    "overall_precision": 0.7295278264800439,
    "overall_recall": 0.7297254150702427,
    "overall_f1": 0.7289597600974015,
    "cv_accuracies": [
        0.7368421052631579,
        0.7320574162679426,
        0.7192982456140351,
        0.7432216905901117,
        0.7380191693290735,
        0.6980830670926518,
        0.731629392971246,
        0.731629392971246,
        0.744408945686901,
        0.7220447284345048
    ],
    "mean_cv_accuracy": 0.7297234154220871,
    "std_cv_accuracy": 0.01303393498595628,
    "cv_precisions": [
        0.7367024624071653,
        0.7318746466864171,
        0.7189289958407605,
        0.7462457863854892,
        0.7390376984126984,
        0.6983075431583045,
        0.73104640120144,
        0.7322948610414605,
        0.7448820940756424,
        0.7212432213587961
    ],
    "mean_cv_precision": 0.7300563710568174,
    "std_cv_precision": 0.013511140907109457,
    "cv_recalls": [
        0.7368421052631579,
        0.7320574162679426,
        0.7192982456140351,
        0.7432216905901118,
        0.7380459452827873,
        0.6979588394062078,
        0.7316740277266595,
        0.7315743467059256,
        0.7444792050055208,
        0.7221506563611827
    ],
    "mean_cv_recall": 0.7297302478223531,
    "std_cv_recall": 0.013067417763198108,
    "cv_f1s": [
        0.7366932110061725,
        0.7315008705792456,
        0.7170452718859665,
        0.7413284975958635,
        0.7377794997317689,
        0.6958402078188158,
        0.7309452643377545,
        0.7309952462937351,
        0.7433670771889593,
        0.7210771914012689
    ],
    "mean_cv_f1": 0.7286572337839552,
    "std_cv_f1": 0.013463924527804616,
    "feature_importances": {
        "team_id": 0.06119151997163389,
        "opponent_id": 0.062450877510005574,
        "team_ELO_before": 0.09245565628916583,
        "opponent_ELO_before": 0.09154312785621202,
        "opponent_rest_days": 0.05011966361671098,
        "team_rest_days": 0.0494407045382524,
        "is_home": 0.018745420208779413,
        "team_h2h_win_percent": 0.07001136646708363,
        "opponent_h2h_win_percent": 0.06955903472939098,
        "team_ppg": 0.0940783216773088,
        "opponent_ppg": 0.09287683788161569,
        "team_ppg_mc": 0.07761626711915198,
        "opponent_ppg_mc": 0.07750934360648074,
        "team_home_advantage": 0.0464828345338804,
        "opponent_home_advantage": 0.04591902399432769
    },
    "high_confidence_threshold": 0.51,
    "high_confidence_accuracy": 0.8909680638722555,
    "high_confidence_precision": 0.8871110488222462,
    "high_confidence_recall": 0.8906159341870884,
    "high_confidence_f1": 0.8865352778927346,
    "number_high_confidence_predictions": 4008,
    "overall_confusion_matrix": [
        [
            1475,
            271,
            342
        ],
        [
            207,
            1664,
            217
        ],
        [
            323,
            333,
            1432
        ]
    ]
}