{
    "random_state": 42,
    "overall_accuracy": 0.7365412979351033,
    "overall_precision": 0.7365477124713732,
    "overall_recall": 0.7365412979351033,
    "overall_f1": 0.7353725340735912,
    "cv_accuracies": [
        0.7403314917127072,
        0.7034990791896869,
        0.7440147329650092,
        0.7329650092081031,
        0.7343173431734318,
        0.7250922509225092,
        0.7619926199261993,
        0.7269372693726938,
        0.7250922509225092,
        0.7712177121771218
    ],
    "mean_cv_accuracy": 0.7365459759569972,
    "std_cv_accuracy": 0.018396640541248732,
    "cv_precisions": [
        0.7421703296703296,
        0.7033562547358035,
        0.744494468864919,
        0.7327091161390893,
        0.733878571256897,
        0.7280733155733156,
        0.7615779198965879,
        0.7257244589752788,
        0.7254306743871172,
        0.7730523151595378
    ],
    "mean_cv_precision": 0.7370467424658875,
    "std_cv_precision": 0.01867471689528547,
    "cv_recalls": [
        0.7403314917127073,
        0.703499079189687,
        0.7440147329650092,
        0.7329650092081031,
        0.7342336811950071,
        0.7250358092899529,
        0.7621444649068958,
        0.7271434417843258,
        0.7250460405156538,
        0.7711888684264375
    ],
    "mean_cv_recall": 0.7365602619193781,
    "std_cv_recall": 0.0184090482417214,
    "cv_f1s": [
        0.7390292756222999,
        0.7030023709365453,
        0.7427558303834374,
        0.7326112483572538,
        0.7325127828296746,
        0.7238155370666343,
        0.7607846888215294,
        0.724962655445971,
        0.7239250422452428,
        0.7700042992078391
    ],
    "mean_cv_f1": 0.7353403730916428,
    "std_cv_f1": 0.01830195728504551,
    "feature_importances": {
        "team_id": 0.060214983925126774,
        "opponent_id": 0.060919523480663054,
        "team_ELO_before": 0.09716399810896201,
        "opponent_ELO_before": 0.0945288376889334,
        "opponent_rest_days": 0.04576333984898444,
        "team_rest_days": 0.045295226703065114,
        "is_home": 0.01639949677122498,
        "team_h2h_win_percent": 0.06685655022597606,
        "opponent_h2h_win_percent": 0.0669679864849018,
        "team_ppg": 0.10079629586800573,
        "opponent_ppg": 0.10000774473653422,
        "team_ppg_mc": 0.07551560586033614,
        "opponent_ppg_mc": 0.07634399316193832,
        "team_home_advantage": 0.04768848908641572,
        "opponent_home_advantage": 0.04553792804893215
    },
    "high_confidence_threshold": 0.51,
    "high_confidence_accuracy": 0.8927297668038409,
    "high_confidence_precision": 0.8902809680587535,
    "high_confidence_recall": 0.8938879578853826,
    "high_confidence_f1": 0.8896071500857312,
    "number_high_confidence_predictions": 3645,
    "overall_confusion_matrix": [
        [
            1266,
            225,
            317
        ],
        [
            167,
            1485,
            156
        ],
        [
            260,
            304,
            1244
        ]
    ]
}