{
    "model_name": "/root/barnard/ML/Models/bulgaria_first_league/Training-Results/Match-Result/v6-clunky-virus-rs42/v6-clunky-virus-rs42.joblib",
    "accuracy": 0.5897435897435898,
    "precision_macro": 0.5293217893217893,
    "recall_macro": 0.5364602644914102,
    "f1_score_macro": 0.5179930155646523,
    "classification_report": {
        "0": {
            "precision": 0.2727272727272727,
            "recall": 0.16666666666666666,
            "f1-score": 0.20689655172413793,
            "support": 18.0
        },
        "1": {
            "precision": 0.5952380952380952,
            "recall": 0.8620689655172413,
            "f1-score": 0.704225352112676,
            "support": 29.0
        },
        "2": {
            "precision": 0.72,
            "recall": 0.5806451612903226,
            "f1-score": 0.6428571428571429,
            "support": 31.0
        },
        "accuracy": 0.5897435897435898,
        "macro avg": {
            "precision": 0.5293217893217893,
            "recall": 0.5364602644914102,
            "f1-score": 0.5179930155646523,
            "support": 78.0
        },
        "weighted avg": {
            "precision": 0.5703973803973804,
            "recall": 0.5897435897435898,
            "f1-score": 0.5650672380881221,
            "support": 78.0
        }
    },
    "confusion_matrix": [
        [
            3,
            9,
            6
        ],
        [
            3,
            25,
            1
        ],
        [
            5,
            8,
            18
        ]
    ]
}