{
    "random_state": 42,
    "overall_accuracy": 0.7070863433092536,
    "overall_precision": 0.7071503982010184,
    "overall_recall": 0.7070863433092537,
    "overall_f1": 0.706476023002354,
    "cv_accuracies": [
        0.6804123711340206,
        0.6993127147766323,
        0.7044673539518901,
        0.6993127147766323,
        0.7194492254733219,
        0.7142857142857143,
        0.6919104991394148,
        0.7125645438898451,
        0.7246127366609294,
        0.7246127366609294
    ],
    "mean_cv_accuracy": 0.707094061074933,
    "std_cv_accuracy": 0.013851193291227588,
    "cv_precisions": [
        0.6826730389420747,
        0.700556726994212,
        0.7035704289120348,
        0.700991018704498,
        0.7221247327653991,
        0.7152182814232191,
        0.6917568434059423,
        0.711844748554368,
        0.724477835081842,
        0.7236396922506488
    ],
    "mean_cv_precision": 0.7076853347034239,
    "std_cv_precision": 0.013457217240080553,
    "cv_recalls": [
        0.6804123711340205,
        0.6993127147766324,
        0.7044673539518901,
        0.6993127147766324,
        0.7195484571693106,
        0.7144116233107206,
        0.6919324110179299,
        0.7125420650606271,
        0.7245250431778928,
        0.7245161405195591
    ],
    "mean_cv_recall": 0.7070980894895216,
    "std_cv_recall": 0.013840136469118178,
    "cv_f1s": [
        0.6798103351105036,
        0.6980731376187287,
        0.7032496269531295,
        0.6981794016601622,
        0.7195253285616233,
        0.7139096013078304,
        0.690067771444303,
        0.7112891239801846,
        0.7244323345229834,
        0.7238611109379743
    ],
    "mean_cv_f1": 0.7062397772097424,
    "std_cv_f1": 0.014152605265836612,
    "feature_importances": {
        "team_id": 0.07093621531582485,
        "opponent_id": 0.07098341772316757,
        "team_ELO_before": 0.09659463374482702,
        "opponent_ELO_before": 0.09551151208688753,
        "opponent_rest_days": 0.05219908845899408,
        "team_rest_days": 0.0522669853977009,
        "is_home": 0.010115641993040232,
        "team_h2h_win_percent": 0.06402076691672212,
        "opponent_h2h_win_percent": 0.06319237778294397,
        "team_ppg": 0.08633789557888773,
        "opponent_ppg": 0.08577841022012096,
        "team_ppg_mc": 0.08025283676520291,
        "opponent_ppg_mc": 0.0804756016910855,
        "team_home_advantage": 0.04591560458626269,
        "opponent_home_advantage": 0.04541901173833191
    },
    "high_confidence_threshold": 0.51,
    "high_confidence_accuracy": 0.9071555292726198,
    "high_confidence_precision": 0.8943940860645253,
    "high_confidence_recall": 0.9095687389115233,
    "high_confidence_f1": 0.8987395563789754,
    "number_high_confidence_predictions": 3382,
    "overall_confusion_matrix": [
        [
            1315,
            240,
            383
        ],
        [
            165,
            1510,
            263
        ],
        [
            320,
            332,
            1286
        ]
    ]
}