{
    "random_state": 42,
    "overall_accuracy": 0.7125304820859126,
    "overall_precision": 0.7132500626669224,
    "overall_recall": 0.7125304820859126,
    "overall_f1": 0.7117671389923726,
    "cv_accuracies": [
        0.7085285848172446,
        0.6907216494845361,
        0.7035647279549718,
        0.7354596622889306,
        0.7091932457786116,
        0.7213883677298312,
        0.7120075046904315,
        0.7129455909943715,
        0.7073170731707317,
        0.724202626641651
    ],
    "mean_cv_accuracy": 0.7125329033551312,
    "std_cv_accuracy": 0.011624267936252403,
    "cv_precisions": [
        0.712006578003939,
        0.6935298323393958,
        0.7037815340293446,
        0.7367263299950281,
        0.711069543776365,
        0.721530508227756,
        0.7133066237385188,
        0.7142248583578278,
        0.706507565066719,
        0.7267925183267591
    ],
    "mean_cv_precision": 0.7139475891861652,
    "std_cv_precision": 0.011530350013541833,
    "cv_recalls": [
        0.7084981800917868,
        0.6907026428232315,
        0.7035026639236167,
        0.7354038086195073,
        0.7092393311177929,
        0.7213931529250409,
        0.71201930685235,
        0.712955636440365,
        0.7073693094898982,
        0.7242680803924672
    ],
    "mean_cv_recall": 0.7125352112676058,
    "std_cv_recall": 0.011625979322602016,
    "cv_f1s": [
        0.7078496676844387,
        0.6910233760530203,
        0.7026071867075719,
        0.7352922721189521,
        0.7076741010333555,
        0.7200936808834473,
        0.7122008574904087,
        0.7109924338821402,
        0.7067125790128844,
        0.7230626270236377
    ],
    "mean_cv_f1": 0.7117508781889856,
    "std_cv_f1": 0.011502145097633771,
    "feature_importances": {
        "team_id": 0.07759727919081914,
        "opponent_id": 0.07674542975066476,
        "team_ELO_before": 0.09972697154149138,
        "opponent_ELO_before": 0.09912873942079078,
        "opponent_rest_days": 0.03573366914081484,
        "team_rest_days": 0.03616847345145334,
        "is_home": 0.009750708200401137,
        "team_h2h_win_percent": 0.058862919757149454,
        "opponent_h2h_win_percent": 0.059462641307801115,
        "team_ppg": 0.09504526627352669,
        "opponent_ppg": 0.09430090862210583,
        "team_ppg_mc": 0.08495352208735815,
        "opponent_ppg_mc": 0.08427094069213335,
        "team_home_advantage": 0.04398760914447546,
        "opponent_home_advantage": 0.044264921419014606
    },
    "high_confidence_threshold": 0.51,
    "high_confidence_accuracy": 0.903457273320287,
    "high_confidence_precision": 0.8885385065770338,
    "high_confidence_recall": 0.9023507512489336,
    "high_confidence_f1": 0.8925992945589076,
    "number_high_confidence_predictions": 6132,
    "overall_confusion_matrix": [
        [
            2471,
            424,
            659
        ],
        [
            281,
            2806,
            467
        ],
        [
            523,
            711,
            2320
        ]
    ]
}