{
    "random_state": 42,
    "overall_accuracy": 0.7284848484848485,
    "overall_precision": 0.7283867497480601,
    "overall_recall": 0.7284848484848485,
    "overall_f1": 0.7269812760047455,
    "cv_accuracies": [
        0.7303030303030303,
        0.7090909090909091,
        0.7393939393939394,
        0.7575757575757576,
        0.7242424242424242,
        0.7757575757575758,
        0.7212121212121212,
        0.7272727272727273,
        0.706060606060606,
        0.693939393939394
    ],
    "mean_cv_accuracy": 0.7284848484848485,
    "std_cv_accuracy": 0.02312579882222898,
    "cv_precisions": [
        0.7331539311691984,
        0.7111308905701429,
        0.7408875881665234,
        0.7621134530530366,
        0.7252677516090905,
        0.7752205385677847,
        0.7212063892391761,
        0.728376977702396,
        0.7092209826584827,
        0.6934232553690153
    ],
    "mean_cv_precision": 0.7300001758104846,
    "std_cv_precision": 0.023308116396493286,
    "cv_recalls": [
        0.7303030303030303,
        0.7090909090909091,
        0.7393939393939394,
        0.7575757575757575,
        0.7242424242424242,
        0.7757575757575758,
        0.7212121212121212,
        0.7272727272727272,
        0.706060606060606,
        0.693939393939394
    ],
    "mean_cv_recall": 0.7284848484848485,
    "std_cv_recall": 0.023125798822228965,
    "cv_f1s": [
        0.72858948578538,
        0.7054236280998527,
        0.736392184316916,
        0.7572521793977322,
        0.7210843010536961,
        0.7746597396440352,
        0.7201632828445591,
        0.727069658436553,
        0.7042304101127631,
        0.6930888437523509
    ],
    "mean_cv_f1": 0.7267953713443839,
    "std_cv_f1": 0.023436440893469995,
    "feature_importances": {
        "team_id": 0.05450676171735884,
        "opponent_id": 0.05519504141346976,
        "team_ELO_before": 0.09794913927097572,
        "opponent_ELO_before": 0.0974317358712048,
        "opponent_rest_days": 0.052556586273088346,
        "team_rest_days": 0.05275894766502868,
        "is_home": 0.018880942700852315,
        "team_h2h_win_percent": 0.05836097977702036,
        "opponent_h2h_win_percent": 0.06060080862805935,
        "team_ppg": 0.09715274469590285,
        "opponent_ppg": 0.09915357751885279,
        "team_ppg_mc": 0.07551895282663075,
        "opponent_ppg_mc": 0.07557122156878901,
        "team_home_advantage": 0.05327064068342287,
        "opponent_home_advantage": 0.051091919389343585
    },
    "high_confidence_threshold": 0.51,
    "high_confidence_accuracy": 0.8713968957871396,
    "high_confidence_precision": 0.8689387526570784,
    "high_confidence_recall": 0.8712583268603221,
    "high_confidence_f1": 0.8674934228538365,
    "number_high_confidence_predictions": 2255,
    "overall_confusion_matrix": [
        [
            758,
            152,
            190
        ],
        [
            93,
            906,
            101
        ],
        [
            177,
            183,
            740
        ]
    ]
}