{
    "league_name": "Armenia Armenian Premier League",
    "accuracy": 0.7446808510638298,
    "threshold_accuracy": 0.8378378378378378,
    "roi": 60.72972972972973
}