{
    "random_state": 42,
    "overall_accuracy": 0.6976372924648787,
    "overall_precision": 0.696571275123974,
    "overall_recall": 0.6976372924648787,
    "overall_f1": 0.6964789943858111,
    "cv_accuracies": [
        0.7001594896331739,
        0.6921850079744817,
        0.696969696969697,
        0.7177033492822966,
        0.6821086261980831,
        0.6741214057507987,
        0.7156549520766773,
        0.7156549520766773,
        0.6932907348242812,
        0.6884984025559105
    ],
    "mean_cv_accuracy": 0.6976346617342076,
    "std_cv_accuracy": 0.014089008223778864,
    "cv_precisions": [
        0.6999990537183626,
        0.6914126360996812,
        0.6954155617188998,
        0.7172495712745081,
        0.682888085581614,
        0.6714071681805477,
        0.7151671050895857,
        0.7153577154132092,
        0.6923371615011846,
        0.687837742334549
    ],
    "mean_cv_precision": 0.6969071800912141,
    "std_cv_precision": 0.014420679611886335,
    "cv_recalls": [
        0.7001594896331739,
        0.6921850079744817,
        0.6969696969696969,
        0.7177033492822966,
        0.6820482149429518,
        0.673882039013618,
        0.7157327321801006,
        0.7156713900134952,
        0.6933505091399829,
        0.6886348300821985
    ],
    "mean_cv_recall": 0.6976337259231997,
    "std_cv_recall": 0.014137209537555567,
    "cv_f1s": [
        0.7000044552246273,
        0.690769469319755,
        0.69405398960927,
        0.7164414930101444,
        0.682301762081193,
        0.6697788532232,
        0.7145752162891391,
        0.7154631305213687,
        0.6912879423241138,
        0.6867285023930595
    ],
    "mean_cv_f1": 0.6961404813995871,
    "std_cv_f1": 0.014737859007327306,
    "feature_importances": {
        "team_id": 0.06621119330574268,
        "opponent_id": 0.06743311146277182,
        "team_ELO_before": 0.10074144495422518,
        "opponent_ELO_before": 0.10236327984599962,
        "odds_draw": 0.10391032595386293,
        "opponent_rest_days": 0.05261711953359477,
        "team_rest_days": 0.052478480028046226,
        "is_home": 0.025242409481343698,
        "team_h2h_win_percent": 0.07315622420369852,
        "opponent_h2h_win_percent": 0.07354739682151237,
        "team_ppg_mc": 0.07983757815442738,
        "opponent_ppg_mc": 0.08139872562247809,
        "pre_match_home_xg": 0.05984081862658415,
        "pre_match_away_xg": 0.061221892005712576
    },
    "high_confidence_threshold": 0.51,
    "high_confidence_accuracy": 0.9093476419090653,
    "high_confidence_precision": 0.8956882680384214,
    "high_confidence_recall": 0.9061100819955298,
    "high_confidence_f1": 0.8993281209647649,
    "number_high_confidence_predictions": 3541,
    "overall_confusion_matrix": [
        [
            1515,
            239,
            334
        ],
        [
            225,
            1570,
            293
        ],
        [
            424,
            379,
            1285
        ]
    ]
}