{
    "random_state": 42,
    "overall_accuracy": 0.729203280609256,
    "overall_precision": 0.7285380499985005,
    "overall_recall": 0.729203280609256,
    "overall_f1": 0.7282322927141026,
    "cv_accuracies": [
        0.746705710102489,
        0.7115666178623719,
        0.7218155197657394,
        0.746705710102489,
        0.7408491947291361,
        0.7276720351390923,
        0.7203513909224012,
        0.7335285505124451,
        0.718475073313783,
        0.7243401759530792
    ],
    "mean_cv_accuracy": 0.7292009978403027,
    "std_cv_accuracy": 0.011627902068567394,
    "cv_precisions": [
        0.7461368193210299,
        0.7107759821008459,
        0.7209219072963552,
        0.7477007426855353,
        0.7407408677051338,
        0.7285219692977295,
        0.719847892853112,
        0.7333699551808204,
        0.7188149436953265,
        0.7236848701770793
    ],
    "mean_cv_precision": 0.7290515950312967,
    "std_cv_precision": 0.011889710599393012,
    "cv_recalls": [
        0.7466251899940749,
        0.7115117087873869,
        0.7217649483473737,
        0.7466123090398536,
        0.74077079630059,
        0.72763866347219,
        0.7204832934023752,
        0.7336476286163279,
        0.7184609835896643,
        0.7244957106422444
    ],
    "mean_cv_recall": 0.7292011232192082,
    "std_cv_recall": 0.011595351067284761,
    "cv_f1s": [
        0.7453869418156285,
        0.7097294462433673,
        0.7209454211959043,
        0.7459594037325648,
        0.7393925823602249,
        0.7273093548529742,
        0.7191121213148476,
        0.7328346274716719,
        0.7180204523311685,
        0.7223303388446087
    ],
    "mean_cv_f1": 0.728102069016296,
    "std_cv_f1": 0.011716203852453732,
    "feature_importances": {
        "team_id": 0.04426592610008441,
        "opponent_id": 0.04452946072974465,
        "team_ELO_before": 0.07104147487066972,
        "opponent_ELO_before": 0.07280802970769859,
        "odds_team_win": 0.06155847567167928,
        "odds_draw": 0.06427838880976161,
        "odds_opponent_win": 0.06268171844943735,
        "opponent_rest_days": 0.0375255371041442,
        "team_rest_days": 0.03655590240710078,
        "is_home": 0.013091828241552117,
        "team_h2h_win_percent": 0.05062511684237483,
        "opponent_h2h_win_percent": 0.05096277610393487,
        "team_ppg": 0.06683936330123426,
        "opponent_ppg": 0.06677062751175232,
        "team_ppg_mc": 0.05651549934101907,
        "opponent_ppg_mc": 0.058003587737667436,
        "team_home_advantage": 0.03521283782927674,
        "opponent_home_advantage": 0.03514254160781792,
        "team_away_advantage": 0.035646763681195695,
        "opponent_away_advantage": 0.035944143951854204
    },
    "high_confidence_threshold": 0.51,
    "high_confidence_accuracy": 0.8809628975265018,
    "high_confidence_precision": 0.8787250559682408,
    "high_confidence_recall": 0.8811339760233411,
    "high_confidence_f1": 0.8771041336928178,
    "number_high_confidence_predictions": 4528,
    "overall_confusion_matrix": [
        [
            1585,
            314,
            377
        ],
        [
            224,
            1837,
            215
        ],
        [
            407,
            312,
            1557
        ]
    ]
}