{
    "team_id": 0.05773939411509077,
    "opponent_id": 0.05775425503876565,
    "team_ELO_before": 0.09218428818907969,
    "opponent_ELO_before": 0.09269492043476854,
    "h2h_btts": 0.05598757618179667,
    "team_conceded_l5": 0.04955219653250523,
    "team_conceded_l10": 0.056318657557369936,
    "team_conceded_l20": 0.0645022671227107,
    "opponent_conceded_l5": 0.04947270645467861,
    "opponent_conceded_l10": 0.0561390114390075,
    "opponent_conceded_l20": 0.06521583829702447,
    "team_scoring_streak": 0.04665776829196202,
    "opponent_scoring_streak": 0.04640533789920499,
    "team_conceded_streak": 0.04446839106280849,
    "opponent_conceded_streak": 0.0442776219085735,
    "betting_h2h_betting_odds": 0.05491651200799147,
    "betting_h2h_betting_percentage": 0.06571325746666179
}