{
    "random_state": 42,
    "overall_accuracy": 0.7325717633274751,
    "overall_precision": 0.7319511275149865,
    "overall_recall": 0.7325717633274751,
    "overall_f1": 0.7316264078089233,
    "cv_accuracies": [
        0.7291361639824304,
        0.7306002928257687,
        0.7218155197657394,
        0.7540263543191801,
        0.7452415812591509,
        0.7452415812591509,
        0.7306002928257687,
        0.7349926793557833,
        0.7111436950146628,
        0.7228739002932552
    ],
    "mean_cv_accuracy": 0.732567206090089,
    "std_cv_accuracy": 0.01214780985833766,
    "cv_precisions": [
        0.727235777227477,
        0.7326990711021129,
        0.7215530362672545,
        0.7545604669371485,
        0.7459448763572188,
        0.7464444715084101,
        0.7308664446910841,
        0.7339004810577915,
        0.710461335772901,
        0.7228927460760697
    ],
    "mean_cv_precision": 0.7326558706997469,
    "std_cv_precision": 0.012616868927460119,
    "cv_recalls": [
        0.7290684493907308,
        0.7305884019888195,
        0.7217907102558158,
        0.7539415719916532,
        0.7451438802586495,
        0.7452598088466393,
        0.7307107710539197,
        0.735116057397532,
        0.711157482546307,
        0.7229950794754876
    ],
    "mean_cv_recall": 0.7325772213205555,
    "std_cv_recall": 0.012117640460419623,
    "cv_f1s": [
        0.7269734577520763,
        0.7282695868581063,
        0.7215310345733684,
        0.7533067170761952,
        0.7436089016941679,
        0.7450245941683734,
        0.7298152767749775,
        0.7340502954808882,
        0.7101717958225189,
        0.7218043177565688
    ],
    "mean_cv_f1": 0.7314555977957241,
    "std_cv_f1": 0.012221291315550963,
    "feature_importances": {
        "team_id": 0.047460483401981904,
        "opponent_id": 0.047791439097531946,
        "team_ELO_before": 0.0768207330840382,
        "opponent_ELO_before": 0.07827168777129097,
        "odds_team_win": 0.06449035501867709,
        "odds_draw": 0.06642330114759906,
        "odds_opponent_win": 0.06571629251992586,
        "opponent_rest_days": 0.039831018181177374,
        "team_rest_days": 0.03904086286268955,
        "is_home": 0.01889840857530572,
        "team_h2h_win_percent": 0.05364866212472667,
        "opponent_h2h_win_percent": 0.05444266205313795,
        "team_ppg": 0.07015499969975879,
        "opponent_ppg": 0.06998741574753484,
        "team_ppg_mc": 0.06079402585143813,
        "opponent_ppg_mc": 0.06249083967599196,
        "team_home_advantage": 0.042139835491836926,
        "opponent_home_advantage": 0.04159697769535715
    },
    "high_confidence_threshold": 0.51,
    "high_confidence_accuracy": 0.8857648882001329,
    "high_confidence_precision": 0.8837419000610689,
    "high_confidence_recall": 0.8863150932930193,
    "high_confidence_f1": 0.8824327221832888,
    "number_high_confidence_predictions": 4517,
    "overall_confusion_matrix": [
        [
            1596,
            307,
            373
        ],
        [
            212,
            1841,
            223
        ],
        [
            394,
            317,
            1565
        ]
    ]
}