{
    "random_state": 42,
    "overall_accuracy": 0.6975510448476139,
    "overall_precision": 0.6982690525490464,
    "overall_recall": 0.6975510448476139,
    "overall_f1": 0.697292188826419,
    "cv_accuracies": [
        0.701514879348542,
        0.6931920244296749,
        0.6999580863421352,
        0.6998982096880426,
        0.7013352493862643,
        0.6983414166816359,
        0.6873839889826956,
        0.700257469612598,
        0.6972636369079696,
        0.6963654870965811
    ],
    "mean_cv_accuracy": 0.6975510448476139,
    "std_cv_accuracy": 0.004161044058878741,
    "cv_precisions": [
        0.7025109298945855,
        0.6941429334570918,
        0.701161233734546,
        0.7005479473996225,
        0.7020371107338622,
        0.6995417057222739,
        0.687589990904244,
        0.7006060808390325,
        0.6980723801770771,
        0.6967150351936416
    ],
    "mean_cv_precision": 0.6982925348055977,
    "std_cv_precision": 0.004316787684720745,
    "cv_recalls": [
        0.701514879348542,
        0.6931920244296749,
        0.6999580863421352,
        0.6998982096880426,
        0.7013352493862642,
        0.6983414166816359,
        0.6873839889826957,
        0.7002574696125979,
        0.6972636369079696,
        0.696365487096581
    ],
    "mean_cv_recall": 0.6975510448476139,
    "std_cv_recall": 0.0041610440588787,
    "cv_f1s": [
        0.701208358596609,
        0.693033465096555,
        0.6998701444077357,
        0.6995129829960266,
        0.7010740128488435,
        0.6980720416130443,
        0.6869797985539211,
        0.6998951930624947,
        0.6971425917374745,
        0.6960896600991923
    ],
    "mean_cv_f1": 0.6972878249011896,
    "std_cv_f1": 0.004177924686736057,
    "feature_importances": {
        "team_id": 0.07317516058984327,
        "opponent_id": 0.07322670078197913,
        "team_ELO_before": 0.08368008354776459,
        "opponent_ELO_before": 0.08377303914196324,
        "odds_team_win": 0.08016692379474957,
        "odds_draw": 0.07346865979333829,
        "odds_opponent_win": 0.07928164961441556,
        "opponent_rest_days": 0.04341390146943376,
        "team_rest_days": 0.04333017125678592,
        "team_h2h_win_percent": 0.057696666289561216,
        "opponent_h2h_win_percent": 0.05748488793756158,
        "pre_match_home_ppg": 0.07416634889134988,
        "pre_match_away_ppg": 0.07437042796348589,
        "team_home_advantage": 0.0514820847506736,
        "opponent_home_advantage": 0.05128329417709453
    },
    "high_confidence_threshold": 0.51,
    "high_confidence_accuracy": 0.9031148845847705,
    "high_confidence_precision": 0.8873239868303541,
    "high_confidence_recall": 0.9034856706067315,
    "high_confidence_f1": 0.8917693088105492,
    "number_high_confidence_predictions": 94225,
    "overall_confusion_matrix": [
        [
            37957,
            6841,
            10872
        ],
        [
            4697,
            42247,
            8726
        ],
        [
            8934,
            10442,
            36294
        ]
    ]
}