{
    "team_mc_btts_l5": 0.10327459678626501,
    "team_mc_btts_l10": 0.14763511380361896,
    "team_mc_btts_l20": 0.24575381649341826,
    "opponent_mc_btts_l5": 0.10818431978229377,
    "opponent_mc_btts_l10": 0.15073585003816353,
    "opponent_mc_btts_l20": 0.24441630309624046
}