{
    "random_state": 42,
    "overall_accuracy": 0.4994147940074906,
    "overall_precision": 0.4994147932058368,
    "overall_recall": 0.49941479400749067,
    "overall_f1": 0.4994146225739919,
    "cv_accuracies": [
        0.5005847953216375,
        0.5157894736842106,
        0.504093567251462,
        0.52046783625731,
        0.4637002341920375,
        0.49765807962529274,
        0.4601873536299766,
        0.5081967213114754,
        0.5175644028103045,
        0.5058548009367682
    ],
    "mean_cv_accuracy": 0.4994097265020475,
    "std_cv_accuracy": 0.02000008107672509,
    "cv_precisions": [
        0.5005668934240363,
        0.5157917200170721,
        0.5041017698630736,
        0.5205372417423345,
        0.4636970484825547,
        0.4976551860475333,
        0.46010837070254107,
        0.5082430159124128,
        0.5175740414533362,
        0.5058630329593076
    ],
    "mean_cv_precision": 0.49941383206042034,
    "std_cv_precision": 0.020026933375541924,
    "cv_recalls": [
        0.5005663288756593,
        0.5157915471995447,
        0.5041010965440259,
        0.5204945391669767,
        0.4637002341920375,
        0.49765807962529274,
        0.46018735362997654,
        0.5081967213114754,
        0.5175644028103045,
        0.5058548009367682
    ],
    "mean_cv_recall": 0.4994115104292061,
    "std_cv_recall": 0.0200031327551972,
    "cv_f1s": [
        0.500450857861415,
        0.5157888113112565,
        0.504076607387141,
        0.5202309132515082,
        0.46368846839435074,
        0.4975030551741827,
        0.4599200224979594,
        0.5075052314181674,
        0.5174982446901878,
        0.5056812882341646
    ],
    "mean_cv_f1": 0.49923435002203326,
    "std_cv_f1": 0.019988739266842,
    "feature_importances": {
        "team_mc_btts_l5": 0.10327459678626501,
        "team_mc_btts_l10": 0.14763511380361896,
        "team_mc_btts_l20": 0.24575381649341826,
        "opponent_mc_btts_l5": 0.10818431978229377,
        "opponent_mc_btts_l10": 0.15073585003816353,
        "opponent_mc_btts_l20": 0.24441630309624046
    },
    "high_confidence_threshold": 0.51,
    "high_confidence_accuracy": 0.49981767351403916,
    "high_confidence_precision": 0.4998169419501205,
    "high_confidence_recall": 0.4998169418419356,
    "high_confidence_f1": 0.49981693451140013,
    "number_high_confidence_predictions": 8227,
    "overall_confusion_matrix": [
        [
            2136,
            2136
        ],
        [
            2141,
            2131
        ]
    ]
}