{
    "random_state": 42,
    "overall_accuracy": 0.7230425055928411,
    "overall_precision": 0.7221802192725804,
    "overall_recall": 0.7230425055928412,
    "overall_f1": 0.7222045015967996,
    "cv_accuracies": [
        0.7024608501118568,
        0.756152125279642,
        0.7024608501118568,
        0.7651006711409396,
        0.7360178970917226,
        0.697986577181208,
        0.6868008948545862,
        0.7069351230425056,
        0.7337807606263982,
        0.7427293064876958
    ],
    "mean_cv_accuracy": 0.7230425055928411,
    "std_cv_accuracy": 0.0256598674880352,
    "cv_precisions": [
        0.7025167798189482,
        0.754860241969128,
        0.703468766419487,
        0.7641193021399225,
        0.7350811918970487,
        0.698110542136899,
        0.6863687874372673,
        0.7067527690193226,
        0.7354757242271962,
        0.7428094064913365
    ],
    "mean_cv_precision": 0.7229563511556557,
    "std_cv_precision": 0.025349949128176858,
    "cv_recalls": [
        0.7024608501118568,
        0.756152125279642,
        0.7024608501118568,
        0.7651006711409396,
        0.7360178970917226,
        0.697986577181208,
        0.6868008948545862,
        0.7069351230425056,
        0.7337807606263982,
        0.7427293064876958
    ],
    "mean_cv_recall": 0.7230425055928411,
    "std_cv_recall": 0.0256598674880352,
    "cv_f1s": [
        0.7015333284969082,
        0.7536196813873764,
        0.7025712303888086,
        0.7637887883909915,
        0.734686394123908,
        0.6977175252165061,
        0.6861075194432359,
        0.7065021631087456,
        0.731635689842521,
        0.7423097062947418
    ],
    "mean_cv_f1": 0.7220472026693743,
    "std_cv_f1": 0.025153157875603273,
    "feature_importances": {
        "team_id": 0.06241917843410638,
        "opponent_id": 0.06407996456670825,
        "team_ELO_before": 0.09715979974960899,
        "opponent_ELO_before": 0.09472994624625533,
        "opponent_rest_days": 0.05459029079511988,
        "team_rest_days": 0.05445775629598583,
        "is_home": 0.01592257993461557,
        "team_h2h_win_percent": 0.056917899142045855,
        "opponent_h2h_win_percent": 0.05821089082589095,
        "team_ppg": 0.09459854932605974,
        "opponent_ppg": 0.09413875432623434,
        "team_ppg_mc": 0.07673045591920173,
        "opponent_ppg_mc": 0.07613669425528705,
        "team_home_advantage": 0.05001132494938907,
        "opponent_home_advantage": 0.04989591523349103
    },
    "high_confidence_threshold": 0.51,
    "high_confidence_accuracy": 0.8785410764872521,
    "high_confidence_precision": 0.8711977609121639,
    "high_confidence_recall": 0.8780976369421389,
    "high_confidence_f1": 0.8716400789552727,
    "number_high_confidence_predictions": 2824,
    "overall_confusion_matrix": [
        [
            1041,
            182,
            267
        ],
        [
            146,
            1187,
            157
        ],
        [
            266,
            220,
            1004
        ]
    ]
}