{
    "random_state": 42,
    "overall_accuracy": 0.7336448598130841,
    "overall_precision": 0.7349518521419985,
    "overall_recall": 0.7336448598130841,
    "overall_f1": 0.733276070138506,
    "cv_accuracies": [
        0.7435233160621761,
        0.7072538860103627,
        0.7636363636363637,
        0.7428571428571429,
        0.7376623376623377,
        0.7298701298701299,
        0.7428571428571429,
        0.6987012987012987,
        0.7116883116883117,
        0.7584415584415585
    ],
    "mean_cv_accuracy": 0.7336491487786824,
    "std_cv_accuracy": 0.020522420124170986,
    "cv_precisions": [
        0.7449942684801222,
        0.7105935127674258,
        0.7666266512355663,
        0.7433728305039686,
        0.7416931534232883,
        0.7308318458597598,
        0.7428626968965877,
        0.7041374246689749,
        0.7202790452790454,
        0.7586925054550955
    ],
    "mean_cv_precision": 0.7364083934569834,
    "std_cv_precision": 0.018975271676805,
    "cv_recalls": [
        0.7432776162790699,
        0.7070615310077519,
        0.763545704134367,
        0.7428940568475452,
        0.7378068475452196,
        0.7299135981912145,
        0.7427931201550387,
        0.6990673449612403,
        0.711704618863049,
        0.7582364341085271
    ],
    "mean_cv_recall": 0.7336300872093023,
    "std_cv_recall": 0.02043459976896018,
    "cv_f1s": [
        0.7405656806973141,
        0.7065064060888542,
        0.7636364319770425,
        0.7427600455320315,
        0.737987916890269,
        0.7298872363711874,
        0.7422292188974194,
        0.6966294425988067,
        0.7123026767330131,
        0.7567063104700181
    ],
    "mean_cv_f1": 0.7329211366255957,
    "std_cv_f1": 0.020556921431619055,
    "feature_importances": {
        "team_id": 0.06389369998965724,
        "opponent_id": 0.06411960908123468,
        "team_ELO_before": 0.08940881681193352,
        "opponent_ELO_before": 0.08803627526944843,
        "opponent_rest_days": 0.051515150764899896,
        "team_rest_days": 0.04960070824065715,
        "is_home": 0.02305374055622522,
        "team_h2h_win_percent": 0.062428050563298254,
        "opponent_h2h_win_percent": 0.06237343491314869,
        "team_ppg": 0.09828426524932507,
        "opponent_ppg": 0.09684049590554682,
        "team_ppg_mc": 0.07249594712493755,
        "opponent_ppg_mc": 0.07275413228188744,
        "team_home_advantage": 0.05346074670161777,
        "opponent_home_advantage": 0.05173492654618227
    },
    "high_confidence_threshold": 0.51,
    "high_confidence_accuracy": 0.8865384615384615,
    "high_confidence_precision": 0.8844842392908007,
    "high_confidence_recall": 0.8857861636756716,
    "high_confidence_f1": 0.8843047127352378,
    "number_high_confidence_predictions": 2600,
    "overall_confusion_matrix": [
        [
            949,
            156,
            179
        ],
        [
            153,
            1016,
            115
        ],
        [
            281,
            142,
            861
        ]
    ]
}