{
    "n_estimators": 165,
    "min_sample_leaf": 3,
    "random_state": 22,
    "overall_accuracy": 0.69032992036405,
    "overall_precision": 0.6907692482534699,
    "overall_recall": 0.69032992036405,
    "overall_f1": 0.6898032271730167,
    "cv_accuracies": [
        0.6980002394922764,
        0.6891390252664351,
        0.6968027781104059,
        0.6792000957969105,
        0.6936893785175428,
        0.6791616766467066,
        0.6892215568862275,
        0.6959281437125748,
        0.6845508982035928,
        0.6976047904191617
    ],
    "mean_cv_accuracy": 0.6903298583051833,
    "std_cv_accuracy": 0.006934896837354625,
    "cv_precisions": [
        0.6985562303334119,
        0.6894458491154861,
        0.6976710246822956,
        0.6796896626816742,
        0.6938039176993446,
        0.6797815954563599,
        0.6899103490613588,
        0.6962284809104614,
        0.6846075403244362,
        0.6981733792116857
    ],
    "mean_cv_precision": 0.6907868029476514,
    "std_cv_precision": 0.006971682647289506,
    "cv_recalls": [
        0.6979949247139515,
        0.6891333947351393,
        0.6967974346160254,
        0.6791940634366013,
        0.693682342712941,
        0.6791688091904461,
        0.6892264095225115,
        0.695934660080428,
        0.6845591494886166,
        0.6976109913362878
    ],
    "mean_cv_recall": 0.6903302179832949,
    "std_cv_recall": 0.00693379973165603,
    "cv_f1s": [
        0.6975266955440728,
        0.6886268755664974,
        0.696518817140822,
        0.6788888730282255,
        0.6930136877989884,
        0.6784144546456433,
        0.6889075598011983,
        0.6951360732566534,
        0.6837851882464975,
        0.6971105796818398
    ],
    "mean_cv_f1": 0.6897928804710439,
    "std_cv_f1": 0.006957900753569468,
    "feature_importances": {
        "team_ELO_before": 0.09227089494313917,
        "opponent_ELO_before": 0.0940003178645458,
        "odds_team_win": 0.1063631940802244,
        "odds_draw": 0.08305150765686106,
        "odds_opponent_win": 0.10977431194906447,
        "opponent_rest_days": 0.04126731108560587,
        "team_rest_days": 0.04130287475433111,
        "team_h2h_win_percent": 0.060747061207694665,
        "opponent_h2h_win_percent": 0.06143485206639635,
        "pre_match_home_ppg": 0.08200208720632289,
        "pre_match_away_ppg": 0.08134287846172561,
        "team_home_advantage": 0.07365896170870305,
        "opponent_away_advantage": 0.07278374701538562
    },
    "high_confidence_threshold": 0.51,
    "high_confidence_accuracy": 0.87862040963638,
    "high_confidence_precision": 0.8710875378250037,
    "high_confidence_recall": 0.8789213437798944,
    "high_confidence_f1": 0.8707714338693474,
    "number_high_confidence_predictions": 44332,
    "overall_confusion_matrix": [
        [
            18766,
            3700,
            5369
        ],
        [
            2399,
            21113,
            4323
        ],
        [
            4662,
            5406,
            17767
        ]
    ]
}