{
    "model_name": "/root/barnard/ML/Models/scotland_premiership/Training-Results/Match-Result/v6-belted-uppp-rs42/v6-belted-uppp-rs42.joblib",
    "accuracy": 0.8421052631578947,
    "precision_macro": 0.8190476190476191,
    "recall_macro": 0.7660256410256411,
    "f1_score_macro": 0.7692692692692692,
    "classification_report": {
        "0": {
            "precision": 0.75,
            "recall": 0.375,
            "f1-score": 0.5,
            "support": 8.0
        },
        "1": {
            "precision": 0.8571428571428571,
            "recall": 0.9230769230769231,
            "f1-score": 0.8888888888888888,
            "support": 13.0
        },
        "2": {
            "precision": 0.85,
            "recall": 1.0,
            "f1-score": 0.918918918918919,
            "support": 17.0
        },
        "accuracy": 0.8421052631578947,
        "macro avg": {
            "precision": 0.8190476190476191,
            "recall": 0.7660256410256411,
            "f1-score": 0.7692692692692692,
            "support": 38.0
        },
        "weighted avg": {
            "precision": 0.831390977443609,
            "recall": 0.8421052631578947,
            "f1-score": 0.8204520309783468,
            "support": 38.0
        }
    },
    "confusion_matrix": [
        [
            3,
            2,
            3
        ],
        [
            1,
            12,
            0
        ],
        [
            0,
            0,
            17
        ]
    ]
}