{
    "random_state": 42,
    "overall_accuracy": 0.7128164556962026,
    "overall_precision": 0.7125301552501012,
    "overall_recall": 0.7128164556962026,
    "overall_f1": 0.7115908222581839,
    "cv_accuracies": [
        0.7,
        0.7026315789473684,
        0.7229551451187335,
        0.6886543535620053,
        0.7704485488126649,
        0.7203166226912929,
        0.6728232189973615,
        0.741424802110818,
        0.6860158311345647,
        0.7229551451187335
    ],
    "mean_cv_accuracy": 0.7128225246493542,
    "std_cv_accuracy": 0.027515934862724658,
    "cv_precisions": [
        0.7032442825339,
        0.7061324364603053,
        0.7245938082652078,
        0.6863282714660667,
        0.7705196850393702,
        0.719511769986317,
        0.6708947885939036,
        0.742724024183122,
        0.6857772537087102,
        0.7263368246132199
    ],
    "mean_cv_precision": 0.7136063144850123,
    "std_cv_precision": 0.028125951247484314,
    "cv_recalls": [
        0.6998083572886723,
        0.7025996750406199,
        0.7226804982710494,
        0.6883931175269759,
        0.770445360996542,
        0.7203682872974211,
        0.6728533933258344,
        0.7415948006499188,
        0.6861850602008083,
        0.7230137899429239
    ],
    "mean_cv_recall": 0.7127942340540766,
    "std_cv_recall": 0.027538998360671054,
    "cv_f1s": [
        0.6984062015596094,
        0.7017190690077583,
        0.7198852409180726,
        0.6860537408254297,
        0.7704582052408139,
        0.7182534350537217,
        0.6705841289681279,
        0.7402748540630926,
        0.685415722927777,
        0.7223886539411181
    ],
    "mean_cv_f1": 0.7113439252505521,
    "std_cv_f1": 0.027941773065705226,
    "feature_importances": {
        "team_id": 0.0609822718985912,
        "opponent_id": 0.0599379934176432,
        "team_ELO_before": 0.0992451546273953,
        "opponent_ELO_before": 0.0975501906341972,
        "opponent_rest_days": 0.05351525005823434,
        "team_rest_days": 0.05153580592398464,
        "is_home": 0.014903945254289392,
        "team_h2h_win_percent": 0.06369356224855274,
        "opponent_h2h_win_percent": 0.06402834846728858,
        "team_ppg": 0.09129072337907954,
        "opponent_ppg": 0.09266359357898171,
        "team_ppg_mc": 0.07571800139731792,
        "opponent_ppg_mc": 0.0749984063039083,
        "team_home_advantage": 0.050825756298968496,
        "opponent_home_advantage": 0.049110996511567424
    },
    "high_confidence_threshold": 0.51,
    "high_confidence_accuracy": 0.8964785744590581,
    "high_confidence_precision": 0.892725239769303,
    "high_confidence_recall": 0.8990901352235475,
    "high_confidence_f1": 0.8935238838124954,
    "number_high_confidence_predictions": 2357,
    "overall_confusion_matrix": [
        [
            877,
            179,
            208
        ],
        [
            116,
            1004,
            144
        ],
        [
            222,
            220,
            822
        ]
    ]
}