{
    "model_name": "/root/barnard/ML/Models/turkey_s_per_lig/Training-Results/Match-Result/v6-plumy-salvo-rs42/v6-plumy-salvo-rs42.joblib",
    "accuracy": 0.5483870967741935,
    "precision_macro": 0.4520417853751188,
    "recall_macro": 0.5258869395711501,
    "f1_score_macro": 0.4796771130104463,
    "classification_report": {
        "0": {
            "precision": 0.1111111111111111,
            "recall": 0.05555555555555555,
            "f1-score": 0.07407407407407407,
            "support": 18.0
        },
        "1": {
            "precision": 0.6153846153846154,
            "recall": 0.8421052631578947,
            "f1-score": 0.7111111111111111,
            "support": 19.0
        },
        "2": {
            "precision": 0.6296296296296297,
            "recall": 0.68,
            "f1-score": 0.6538461538461539,
            "support": 25.0
        },
        "accuracy": 0.5483870967741935,
        "macro avg": {
            "precision": 0.4520417853751188,
            "recall": 0.5258869395711501,
            "f1-score": 0.4796771130104463,
            "support": 62.0
        },
        "weighted avg": {
            "precision": 0.47472658762981346,
            "recall": 0.5483870967741935,
            "f1-score": 0.5030741659773919,
            "support": 62.0
        }
    },
    "confusion_matrix": [
        [
            1,
            7,
            10
        ],
        [
            3,
            16,
            0
        ],
        [
            5,
            3,
            17
        ]
    ]
}