{
    "random_state": 42,
    "overall_accuracy": 0.6939655172413793,
    "overall_precision": 0.6929380816453903,
    "overall_recall": 0.6939655172413793,
    "overall_f1": 0.6928938029470785,
    "cv_accuracies": [
        0.6905901116427432,
        0.6858054226475279,
        0.7001594896331739,
        0.7129186602870813,
        0.6789137380191693,
        0.6613418530351438,
        0.7156549520766773,
        0.6964856230031949,
        0.6996805111821086,
        0.6980830670926518
    ],
    "mean_cv_accuracy": 0.6939633428619473,
    "std_cv_accuracy": 0.015142076468565422,
    "cv_precisions": [
        0.6917384972558619,
        0.6849224054102812,
        0.6985089272051866,
        0.712924358238416,
        0.679274351249934,
        0.6598143202909666,
        0.7151306597182886,
        0.6965648525814981,
        0.6990580627178115,
        0.6950862878480398
    ],
    "mean_cv_precision": 0.6933022722516283,
    "std_cv_precision": 0.01525274838934318,
    "cv_recalls": [
        0.6905901116427433,
        0.6858054226475279,
        0.7001594896331739,
        0.7129186602870813,
        0.678881425591952,
        0.6611612072138388,
        0.7157403999509263,
        0.6964942951785057,
        0.6997224266961108,
        0.6982502146975831
    ],
    "mean_cv_recall": 0.6939723653539442,
    "std_cv_recall": 0.015202830045662316,
    "cv_f1s": [
        0.6905214572598926,
        0.6848973785222064,
        0.6971171494668459,
        0.7112893130413602,
        0.6790227831488297,
        0.6587305272050941,
        0.7147874201328213,
        0.6965103892776722,
        0.6976162779734209,
        0.6955131379388826
    ],
    "mean_cv_f1": 0.6926005833967026,
    "std_cv_f1": 0.015185683896526697,
    "feature_importances": {
        "team_id": 0.05585537572233403,
        "opponent_id": 0.056995396941360986,
        "team_ELO_before": 0.08636924594975486,
        "opponent_ELO_before": 0.0879810289277381,
        "odds_draw": 0.09278374032555146,
        "opponent_rest_days": 0.043697345454627654,
        "team_rest_days": 0.044263781220472156,
        "is_home": 0.023014898469403116,
        "team_h2h_win_percent": 0.06218464061830199,
        "opponent_h2h_win_percent": 0.06323048074153344,
        "team_ppg_mc": 0.06610157932811268,
        "opponent_ppg_mc": 0.06642593157467377,
        "pre_match_home_ppg": 0.0741648521411767,
        "pre_match_away_ppg": 0.07398858604021433,
        "pre_match_home_xg": 0.05114385356305111,
        "pre_match_away_xg": 0.0517992629816937
    },
    "high_confidence_threshold": 0.51,
    "high_confidence_accuracy": 0.900168255748738,
    "high_confidence_precision": 0.8874061764028275,
    "high_confidence_recall": 0.8963806103616512,
    "high_confidence_f1": 0.8903918163781307,
    "number_high_confidence_predictions": 3566,
    "overall_confusion_matrix": [
        [
            1495,
            244,
            349
        ],
        [
            230,
            1566,
            292
        ],
        [
            403,
            399,
            1286
        ]
    ]
}