{
    "random_state": 42,
    "overall_accuracy": 0.7372654155495979,
    "overall_precision": 0.7369111909588405,
    "overall_recall": 0.7372654155495978,
    "overall_f1": 0.7359530038940266,
    "cv_accuracies": [
        0.734375,
        0.734375,
        0.7433035714285714,
        0.7321428571428571,
        0.7209821428571429,
        0.7745535714285714,
        0.7539149888143176,
        0.7181208053691275,
        0.7427293064876958,
        0.7181208053691275
    ],
    "mean_cv_accuracy": 0.7372618048897411,
    "std_cv_accuracy": 0.016658496136253833,
    "cv_precisions": [
        0.7350493424538899,
        0.7340713724334414,
        0.742332052184269,
        0.7318504901960784,
        0.7234185969686897,
        0.7747896665051995,
        0.7539630633155813,
        0.7215739572695782,
        0.7433664699181941,
        0.7207436773236738
    ],
    "mean_cv_precision": 0.7381158688568595,
    "std_cv_precision": 0.01580474676596742,
    "cv_recalls": [
        0.7341983594332587,
        0.7341237882177479,
        0.7433407904548844,
        0.732378821774795,
        0.7210439970171514,
        0.7745563012677107,
        0.7539149888143176,
        0.7181208053691274,
        0.7427293064876958,
        0.7181208053691276
    ],
    "mean_cv_recall": 0.7372527964205816,
    "std_cv_recall": 0.01665503890989074,
    "cv_f1s": [
        0.7336484481360807,
        0.7315481959016278,
        0.7426280950090475,
        0.7295452238664085,
        0.7198043246591411,
        0.7743998500301021,
        0.7535066006600659,
        0.7156951814614348,
        0.7396409792815147,
        0.7172928349488944
    ],
    "mean_cv_f1": 0.7357709733954318,
    "std_cv_f1": 0.017115050281668393,
    "feature_importances": {
        "team_id": 0.05755682421615975,
        "opponent_id": 0.056020581644506226,
        "team_ELO_before": 0.09673349027079833,
        "opponent_ELO_before": 0.09489505096271156,
        "opponent_rest_days": 0.04804103770571204,
        "team_rest_days": 0.047062376915454174,
        "is_home": 0.010942994716815202,
        "team_h2h_win_percent": 0.06985282440496338,
        "opponent_h2h_win_percent": 0.07247872630820236,
        "team_ppg": 0.1035656921255361,
        "opponent_ppg": 0.10332903362396835,
        "team_ppg_mc": 0.07349239977707014,
        "opponent_ppg_mc": 0.07363801615975188,
        "team_home_advantage": 0.04786326214387489,
        "opponent_home_advantage": 0.044527689024475556
    },
    "high_confidence_threshold": 0.51,
    "high_confidence_accuracy": 0.8812709030100334,
    "high_confidence_precision": 0.8776176555936585,
    "high_confidence_recall": 0.8815995876414352,
    "high_confidence_f1": 0.876704411607224,
    "number_high_confidence_predictions": 2990,
    "overall_confusion_matrix": [
        [
            1056,
            195,
            241
        ],
        [
            125,
            1231,
            136
        ],
        [
            247,
            232,
            1013
        ]
    ]
}