team_name,Accuracy
Ilves,66.66666666666666
KuPS,58.333333333333336
Lahti,58.333333333333336
Inter Turku,53.84615384615385
Mariehamn,50.0
HJK,50.0
Gnistan,46.15384615384615
Oulu,46.15384615384615
SJK,41.66666666666667
EIF,38.46153846153847
VPS,38.46153846153847
Haka,36.36363636363637
