{
    "odds_team_win": 0.31312962363499314,
    "odds_draw": 0.30454473713109176,
    "odds_opponent_win": 0.38232563923391505
}