{
    "balance_classes": false,
    "n_estimators": 165,
    "min_sample_leaf": 1,
    "random_state": 22,
    "overall_accuracy": 0.4417143393041358,
    "overall_precision": 0.4075432180978132,
    "overall_recall": 0.40903718777595,
    "overall_f1": 0.40642107276727873,
    "cv_accuracies": [
        0.4397449123136078,
        0.4410578636406265,
        0.4434024195817312,
        0.44199568601706835,
        0.44096408140298227,
        0.4435899840570196,
        0.44349620181937544,
        0.43908843665009845,
        0.4385257432242333,
        0.44527806433461503
    ],
    "mean_cv_accuracy": 0.4417143393041358,
    "std_cv_accuracy": 0.002103734392618963,
    "cv_precisions": [
        0.406233170666626,
        0.4097605594707188,
        0.40896846283394694,
        0.4094904521293234,
        0.4048118184470848,
        0.4061468462644842,
        0.40913006215095943,
        0.40466974764617114,
        0.4043739118054772,
        0.41201678686392046
    ],
    "mean_cv_precision": 0.40756018182787124,
    "std_cv_precision": 0.002503909283501359,
    "cv_recalls": [
        0.407268679105612,
        0.4105648295930741,
        0.4108669317762055,
        0.41031998293002586,
        0.40775931388063463,
        0.40859547915725863,
        0.4099971562432047,
        0.4060379111964167,
        0.40562019986824693,
        0.4133433515213669
    ],
    "mean_cv_recall": 0.4090373835272046,
    "std_cv_recall": 0.002289518700243351,
    "cv_f1s": [
        0.404700714543569,
        0.40843426828366597,
        0.40839658664286754,
        0.408302129028938,
        0.40465504762394716,
        0.4050229972256587,
        0.4073481478590497,
        0.4032294190418182,
        0.40325500502293704,
        0.410771452509146
    ],
    "mean_cv_f1": 0.40641157677815964,
    "std_cv_f1": 0.002439714844307812,
    "feature_importances": {
        "odds_team_win": 0.31312962363499314,
        "odds_draw": 0.30454473713109176,
        "odds_opponent_win": 0.38232563923391505
    },
    "high_confidence_threshold": 0.51,
    "high_confidence_accuracy": 0.47138524557879397,
    "high_confidence_precision": 0.42472567015675633,
    "high_confidence_recall": 0.4263758171604703,
    "high_confidence_f1": 0.4216623949069036,
    "number_high_confidence_predictions": 76167,
    "overall_confusion_matrix": [
        [
            6279,
            8345,
            13211
        ],
        [
            6703,
            13075,
            12143
        ],
        [
            9072,
            10056,
            27746
        ]
    ]
}