{
    "random_state": 42,
    "overall_accuracy": 0.7017879948914432,
    "overall_precision": 0.7007468138388045,
    "overall_recall": 0.7017879948914431,
    "overall_f1": 0.7007729484461814,
    "cv_accuracies": [
        0.6985645933014354,
        0.6985645933014354,
        0.7049441786283892,
        0.7113237639553429,
        0.7092651757188498,
        0.6853035143769968,
        0.7092651757188498,
        0.707667731629393,
        0.6980830670926518,
        0.694888178913738
    ],
    "mean_cv_accuracy": 0.7017869972637082,
    "std_cv_accuracy": 0.007753275641949001,
    "cv_precisions": [
        0.6985231521678755,
        0.6977634351949421,
        0.7041424527643029,
        0.7112384069830879,
        0.7115599024460796,
        0.6835155599025845,
        0.7081148410335224,
        0.7073002955028856,
        0.6987666576666376,
        0.6937181592354006
    ],
    "mean_cv_precision": 0.7014642862897318,
    "std_cv_precision": 0.008334862870530636,
    "cv_recalls": [
        0.6985645933014354,
        0.6985645933014354,
        0.7049441786283891,
        0.711323763955343,
        0.7092381302907619,
        0.685115323273218,
        0.7093224757698442,
        0.7076739050423262,
        0.6981428659060237,
        0.695045086492455
    ],
    "mean_cv_recall": 0.7017934915961233,
    "std_cv_recall": 0.007780239949196934,
    "cv_f1s": [
        0.6984462772944577,
        0.6979264610613454,
        0.7025572388320627,
        0.7093630843424835,
        0.709946826922466,
        0.6824711573149265,
        0.7082370362838332,
        0.7074307046221233,
        0.6957101800813308,
        0.6929337634003166
    ],
    "mean_cv_f1": 0.7005022730155346,
    "std_cv_f1": 0.008342635909869597,
    "feature_importances": {
        "team_id": 0.0598612961848343,
        "opponent_id": 0.06099617273606166,
        "team_ELO_before": 0.09297774537418362,
        "opponent_ELO_before": 0.0931754544632031,
        "odds_draw": 0.09909288152116501,
        "opponent_rest_days": 0.047073820572858485,
        "team_rest_days": 0.04725371907483214,
        "is_home": 0.012440406755571001,
        "team_h2h_win_percent": 0.06728638992907458,
        "opponent_h2h_win_percent": 0.0676667850539795,
        "team_ppg_mc": 0.07314732048833575,
        "opponent_ppg_mc": 0.07421590019246013,
        "pre_match_home_xg": 0.054881213241147295,
        "pre_match_away_xg": 0.0559838152939451,
        "team_home_advantage": 0.04663736747456586,
        "opponent_home_advantage": 0.04730971164378249
    },
    "high_confidence_threshold": 0.51,
    "high_confidence_accuracy": 0.8970709006296195,
    "high_confidence_precision": 0.8861819488182147,
    "high_confidence_recall": 0.8927644337133748,
    "high_confidence_f1": 0.8881711826096964,
    "number_high_confidence_predictions": 3653,
    "overall_confusion_matrix": [
        [
            1502,
            236,
            350
        ],
        [
            221,
            1588,
            279
        ],
        [
            412,
            370,
            1306
        ]
    ]
}