{
    "balance_classes": false,
    "n_estimators": 165,
    "min_sample_leaf": 3,
    "random_state": 22,
    "overall_accuracy": 0.5034605645690706,
    "overall_precision": 0.44393704525139616,
    "overall_recall": 0.44007205099931584,
    "overall_f1": 0.4034916701693459,
    "cv_accuracies": [
        0.5037043983869455,
        0.4977961174153615,
        0.5103629372596831,
        0.5081121635562225,
        0.5007971490199756,
        0.5041733095751665,
        0.5017349713964175,
        0.5030479227234362,
        0.5005158023070431,
        0.5043608740504548
    ],
    "mean_cv_accuracy": 0.5034605645690705,
    "std_cv_accuracy": 0.003487942849998696,
    "cv_precisions": [
        0.4442466892474572,
        0.44144214685394584,
        0.45796936490549967,
        0.4535757900762225,
        0.44227661944316726,
        0.43528094526925293,
        0.4455684837161096,
        0.44189138107297427,
        0.4385782483753025,
        0.4390330315827186
    ],
    "mean_cv_precision": 0.44398627005426505,
    "std_cv_precision": 0.006583350449893299,
    "cv_recalls": [
        0.4397654760150509,
        0.4346190365249158,
        0.447420138599491,
        0.44558518406960773,
        0.43724570173828753,
        0.44054749893993433,
        0.4376784357646321,
        0.43942220044469504,
        0.4370248654407023,
        0.44141443246182605
    ],
    "mean_cv_recall": 0.44007229699991435,
    "std_cv_recall": 0.003737267858323014,
    "cv_f1s": [
        0.4025013287227437,
        0.39931009049329286,
        0.41173820401536604,
        0.4112446908919181,
        0.40047783731259506,
        0.4030162911198886,
        0.39969823623412476,
        0.40164571445484043,
        0.40074944725946454,
        0.4044265117997517
    ],
    "mean_cv_f1": 0.40348083523039857,
    "std_cv_f1": 0.0042670885181646115,
    "feature_importances": {
        "team_ELO_before": 0.09155533106928589,
        "opponent_ELO_before": 0.09376143342168355,
        "odds_team_win": 0.11267454672890612,
        "odds_draw": 0.08178619906405983,
        "odds_opponent_win": 0.11338746114096114,
        "opponent_rest_days": 0.039743047052318015,
        "team_rest_days": 0.039914447547913935,
        "team_h2h_win_percent": 0.05985482241237818,
        "opponent_h2h_win_percent": 0.060940044662697715,
        "pre_match_home_ppg": 0.08210923249101433,
        "pre_match_away_ppg": 0.08100930067670273,
        "team_home_advantage": 0.07193562440265737,
        "opponent_away_advantage": 0.07132850932942122
    },
    "high_confidence_threshold": 0.51,
    "high_confidence_accuracy": 0.6302270577105015,
    "high_confidence_precision": 0.7068170918861648,
    "high_confidence_recall": 0.4998829160280039,
    "high_confidence_f1": 0.45220454673425187,
    "number_high_confidence_predictions": 42280,
    "overall_confusion_matrix": [
        [
            1692,
            8018,
            18125
        ],
        [
            1631,
            15034,
            15256
        ],
        [
            1932,
            7984,
            36958
        ]
    ]
}