{
    "model_name": "/root/barnard/ML/Models/england_efl_league_one/Training-Results/Match-Result/v6-long-using-rs42/v6-long-using-rs42.joblib",
    "accuracy": 0.6190476190476191,
    "precision_macro": 0.5297394168361911,
    "recall_macro": 0.5394543904518329,
    "f1_score_macro": 0.5026699423943101,
    "classification_report": {
        "0": {
            "precision": 0.3333333333333333,
            "recall": 0.08,
            "f1-score": 0.12903225806451613,
            "support": 25.0
        },
        "1": {
            "precision": 0.5945945945945946,
            "recall": 0.6470588235294118,
            "f1-score": 0.6197183098591549,
            "support": 34.0
        },
        "2": {
            "precision": 0.6612903225806451,
            "recall": 0.8913043478260869,
            "f1-score": 0.7592592592592593,
            "support": 46.0
        },
        "accuracy": 0.6190476190476191,
        "macro avg": {
            "precision": 0.5297394168361911,
            "recall": 0.5394543904518329,
            "f1-score": 0.5026699423943101,
            "support": 105.0
        },
        "weighted avg": {
            "precision": 0.5616086132215165,
            "recall": 0.6190476190476191,
            "f1-score": 0.5640205229785724,
            "support": 105.0
        }
    },
    "confusion_matrix": [
        [
            2,
            11,
            12
        ],
        [
            3,
            22,
            9
        ],
        [
            1,
            4,
            41
        ]
    ]
}