{
    "random_state": 42,
    "overall_accuracy": 0.7324601023788015,
    "overall_precision": 0.731971271016012,
    "overall_recall": 0.7324601023788015,
    "overall_f1": 0.731721883438207,
    "cv_accuracies": [
        0.718796992481203,
        0.7488721804511278,
        0.7650602409638554,
        0.713855421686747,
        0.7560240963855421,
        0.7319277108433735,
        0.7033132530120482,
        0.7304216867469879,
        0.7319277108433735,
        0.7243975903614458
    ],
    "mean_cv_accuracy": 0.7324596883775704,
    "std_cv_accuracy": 0.01827420810267843,
    "cv_precisions": [
        0.7183117820295282,
        0.7483725782655446,
        0.7656606914636291,
        0.7132638246982824,
        0.7573160466483791,
        0.7319080031911347,
        0.7028391792112298,
        0.7295422632788743,
        0.7319112817944008,
        0.7239414913252123
    ],
    "mean_cv_precision": 0.7323067141906214,
    "std_cv_precision": 0.01871049534948259,
    "cv_recalls": [
        0.718730042259454,
        0.7488076311605724,
        0.7650931474460886,
        0.713872243284008,
        0.7561181090592856,
        0.7319921731686437,
        0.703348144524615,
        0.730483877542701,
        0.7319038495509084,
        0.7243080184256655
    ],
    "mean_cv_recall": 0.7324657236421943,
    "std_cv_recall": 0.018287366543029104,
    "cv_f1s": [
        0.7177278864451379,
        0.7484284545006824,
        0.7643490568798409,
        0.7122268571632034,
        0.755250962709765,
        0.7310654598326295,
        0.702915543407538,
        0.7292471068214775,
        0.7317539323338184,
        0.7240575417232348
    ],
    "mean_cv_f1": 0.7317022801817328,
    "std_cv_f1": 0.018352785868969566,
    "feature_importances": {
        "team_id": 0.06024813233334224,
        "opponent_id": 0.059940358830043484,
        "team_ELO_before": 0.09184167993448458,
        "opponent_ELO_before": 0.09204481709586892,
        "opponent_rest_days": 0.05130087350522279,
        "team_rest_days": 0.0515152824127012,
        "is_home": 0.015528861055103335,
        "team_h2h_win_percent": 0.07067603099186863,
        "opponent_h2h_win_percent": 0.07059625640055409,
        "team_ppg": 0.09339472469636527,
        "opponent_ppg": 0.0942612187140536,
        "team_ppg_mc": 0.07829109399332242,
        "opponent_ppg_mc": 0.0772337458458149,
        "team_home_advantage": 0.04617161958789641,
        "opponent_home_advantage": 0.046955304603358124
    },
    "high_confidence_threshold": 0.51,
    "high_confidence_accuracy": 0.8907292385553255,
    "high_confidence_precision": 0.8879580237892258,
    "high_confidence_recall": 0.8894502899617053,
    "high_confidence_f1": 0.8871130854354156,
    "number_high_confidence_predictions": 4347,
    "overall_confusion_matrix": [
        [
            1579,
            275,
            360
        ],
        [
            210,
            1768,
            236
        ],
        [
            363,
            333,
            1518
        ]
    ]
}