{
    "model_name": "/root/barnard/ML/Models/greece_super_league/Training-Results/Match-Result/v6-briery-blaze-rs42/v6-briery-blaze-rs42.joblib",
    "accuracy": 0.6190476190476191,
    "precision_macro": 0.6587301587301587,
    "recall_macro": 0.6133089133089132,
    "f1_score_macro": 0.5726495726495727,
    "classification_report": {
        "0": {
            "precision": 0.75,
            "recall": 0.21428571428571427,
            "f1-score": 0.3333333333333333,
            "support": 14.0
        },
        "1": {
            "precision": 0.5833333333333334,
            "recall": 0.9333333333333333,
            "f1-score": 0.717948717948718,
            "support": 15.0
        },
        "2": {
            "precision": 0.6428571428571429,
            "recall": 0.6923076923076923,
            "f1-score": 0.6666666666666666,
            "support": 13.0
        },
        "accuracy": 0.6190476190476191,
        "macro avg": {
            "precision": 0.6587301587301587,
            "recall": 0.6133089133089132,
            "f1-score": 0.5726495726495727,
            "support": 42.0
        },
        "weighted avg": {
            "precision": 0.657312925170068,
            "recall": 0.6190476190476191,
            "f1-score": 0.5738705738705738,
            "support": 42.0
        }
    },
    "confusion_matrix": [
        [
            3,
            6,
            5
        ],
        [
            1,
            14,
            0
        ],
        [
            0,
            4,
            9
        ]
    ]
}