team_name,Accuracy
Asteras Tripolis,100.0
Panserraikos,100.0
Panathinaikos,100.0
Levadiakos,66.66666666666666
Atromitos,66.66666666666666
AEK Athens,66.66666666666666
Volos NFC,66.66666666666666
PAOK,66.66666666666666
Olympiakos Piraeus,66.66666666666666
Aris,33.33333333333333
Lamia,33.33333333333333
Kallithea,33.33333333333333
OFI,33.33333333333333
Panaitolikos,33.33333333333333
