team_name,Accuracy
Auxerre,100.0
Le Havre,100.0
PSG,100.0
Montpellier,100.0
Olympique Lyonnais,100.0
Lille,75.0
Brest,75.0
Toulouse,75.0
Angers SCO,66.66666666666666
Lens,66.66666666666666
Rennes,66.66666666666666
Reims,66.66666666666666
Monaco,50.0
Nantes,50.0
Saint-Étienne,50.0
Nice,33.33333333333333
Olympique Marseille,33.33333333333333
Strasbourg,0.0
