{
    "balance_classes": false,
    "n_estimators": 165,
    "min_sample_leaf": 3,
    "random_state": 22,
    "overall_accuracy": 0.5038638281909407,
    "overall_precision": 0.4447672070184048,
    "overall_recall": 0.44049843494596946,
    "overall_f1": 0.40402439035102206,
    "cv_accuracies": [
        0.5011722779705524,
        0.49882772202944764,
        0.5067054299915597,
        0.5082997280315108,
        0.5002344555941105,
        0.5050173497139642,
        0.5054862609021852,
        0.5042670918128107,
        0.5043608740504548,
        0.5042670918128107
    ],
    "mean_cv_accuracy": 0.5038638281909407,
    "std_cv_accuracy": 0.0027940339830552405,
    "cv_precisions": [
        0.4392510103334531,
        0.4464673033682534,
        0.4496351601422341,
        0.4535541875769167,
        0.44129802535234863,
        0.4375655002283601,
        0.45055413257205545,
        0.4493913139425529,
        0.44489362683384237,
        0.4355773944743311
    ],
    "mean_cv_precision": 0.44481876548243476,
    "std_cv_precision": 0.005808954093134579,
    "cv_recalls": [
        0.43756900010095007,
        0.43569057306396236,
        0.4439885069752562,
        0.4451661396346995,
        0.43674992013965275,
        0.4408769822262446,
        0.4411947662456392,
        0.4414009277228444,
        0.44127219218654257,
        0.44107774284504325
    ],
    "mean_cv_recall": 0.44049867511408347,
    "std_cv_recall": 0.0028651967356313327,
    "cv_f1s": [
        0.40025262955438795,
        0.40074522920938954,
        0.4082314219155703,
        0.4102263161170517,
        0.4003259116839773,
        0.40396627879591135,
        0.402245066895744,
        0.40562154068793016,
        0.40590814898721844,
        0.4025654436309081
    ],
    "mean_cv_f1": 0.4040087987478088,
    "std_cv_f1": 0.00325907531062946,
    "feature_importances": {
        "team_id": 0.05975596327204652,
        "opponent_id": 0.05965699143262643,
        "team_ELO_before": 0.07113305941329542,
        "opponent_ELO_before": 0.07146482293362195,
        "odds_team_win": 0.09573539294504196,
        "odds_draw": 0.06467523090367962,
        "odds_opponent_win": 0.09789045503274699,
        "opponent_rest_days": 0.030833339040418788,
        "team_rest_days": 0.030897695776058675,
        "team_h2h_win_percent": 0.04748280589536525,
        "opponent_h2h_win_percent": 0.04805208033392337,
        "pre_match_home_ppg": 0.06415509191805653,
        "pre_match_away_ppg": 0.0635666883454433,
        "team_home_advantage": 0.05624007164450081,
        "opponent_away_advantage": 0.05583084255666006,
        "pre_match_home_xg": 0.04124756982479279,
        "pre_match_away_xg": 0.041381898731721566
    },
    "high_confidence_threshold": 0.51,
    "high_confidence_accuracy": 0.6315252225519288,
    "high_confidence_precision": 0.7027905269691851,
    "high_confidence_recall": 0.5021523813924076,
    "high_confidence_f1": 0.45402783023307514,
    "number_high_confidence_predictions": 42125,
    "overall_confusion_matrix": [
        [
            1712,
            8075,
            18048
        ],
        [
            1656,
            15041,
            15224
        ],
        [
            1909,
            7991,
            36974
        ]
    ]
}