{
    "random_state": 42,
    "overall_accuracy": 0.7004662004662005,
    "overall_precision": 0.6998891553395596,
    "overall_recall": 0.7004662004662005,
    "overall_f1": 0.6991026008870075,
    "cv_accuracies": [
        0.6946959896507116,
        0.7115135834411385,
        0.7124352331606217,
        0.7020725388601037,
        0.7072538860103627,
        0.7227979274611399,
        0.6839378238341969,
        0.6981865284974094,
        0.6748704663212435,
        0.6968911917098446
    ],
    "mean_cv_accuracy": 0.7004655168946772,
    "std_cv_accuracy": 0.013387543476972224,
    "cv_precisions": [
        0.693441721958298,
        0.7144162870854017,
        0.7129521223394731,
        0.7001342550166498,
        0.7085585585585585,
        0.7263898079639359,
        0.6843408575689384,
        0.6976529749353616,
        0.6724457811492613,
        0.6961322021915871
    ],
    "mean_cv_precision": 0.7006464568767466,
    "std_cv_precision": 0.014862771512868685,
    "cv_recalls": [
        0.6946631275198825,
        0.7114841291386401,
        0.712313616666164,
        0.7019324545792739,
        0.707291446726792,
        0.7228858122442414,
        0.6840004423933479,
        0.6982575734724863,
        0.6748509436049025,
        0.6969153118370383
    ],
    "mean_cv_recall": 0.7004594858182769,
    "std_cv_recall": 0.013384892691984502,
    "cv_f1s": [
        0.6927196259778087,
        0.7094821066842983,
        0.7108751635095722,
        0.7005658447569223,
        0.7064257540818643,
        0.7208392884080309,
        0.6825762477277951,
        0.6976431224361681,
        0.6728562854655683,
        0.6960346477232031
    ],
    "mean_cv_f1": 0.6990018086771231,
    "std_cv_f1": 0.013374427931418888,
    "feature_importances": {
        "team_id": 0.072241556680299,
        "opponent_id": 0.07295853749016115,
        "team_ELO_before": 0.0929680936686155,
        "opponent_ELO_before": 0.09406896585048628,
        "opponent_rest_days": 0.04610026062384861,
        "team_rest_days": 0.045841682611190905,
        "is_home": 0.008363397164555956,
        "team_h2h_win_percent": 0.05760533759974318,
        "opponent_h2h_win_percent": 0.05676083625464292,
        "team_ppg": 0.09790275393678846,
        "opponent_ppg": 0.09971889050258469,
        "team_ppg_mc": 0.0817626147902885,
        "opponent_ppg_mc": 0.08053851749394383,
        "team_home_advantage": 0.04690035131288499,
        "opponent_home_advantage": 0.046268204019966036
    },
    "high_confidence_threshold": 0.51,
    "high_confidence_accuracy": 0.8990514905149052,
    "high_confidence_precision": 0.8859390398442043,
    "high_confidence_recall": 0.900797455934757,
    "high_confidence_f1": 0.8883205107928611,
    "number_high_confidence_predictions": 4428,
    "overall_confusion_matrix": [
        [
            1677,
            332,
            565
        ],
        [
            217,
            2055,
            302
        ],
        [
            452,
            445,
            1677
        ]
    ]
}