{
    "random_state": 42,
    "overall_accuracy": 0.7456140350877193,
    "overall_precision": 0.7464947073187703,
    "overall_recall": 0.7456140350877193,
    "overall_f1": 0.7455450725683744,
    "cv_accuracies": [
        0.711340206185567,
        0.7474226804123711,
        0.7010309278350515,
        0.7371134020618557,
        0.7680412371134021,
        0.7319587628865979,
        0.7371134020618557,
        0.7835051546391752,
        0.7512953367875648,
        0.7875647668393783
    ],
    "mean_cv_accuracy": 0.745638587682282,
    "std_cv_accuracy": 0.026883934546795104,
    "cv_precisions": [
        0.713684793136848,
        0.7470348932860711,
        0.6981150793650793,
        0.7489475728563031,
        0.7686757686757687,
        0.7436202686202686,
        0.7426788897377133,
        0.7865111561866126,
        0.7500706214689266,
        0.7890475186490367
    ],
    "mean_cv_precision": 0.7488386561982627,
    "std_cv_precision": 0.02703352306853077,
    "cv_recalls": [
        0.711378205128205,
        0.7469551282051282,
        0.7006410256410257,
        0.7378205128205129,
        0.7681089743589743,
        0.7318910256410257,
        0.7365384615384616,
        0.7834134615384616,
        0.7507211538461539,
        0.7875
    ],
    "mean_cv_recall": 0.7454967948717949,
    "std_cv_recall": 0.02691298269255191,
    "cv_f1s": [
        0.7100520252694166,
        0.7458627449343725,
        0.6987746936734185,
        0.7349634444303756,
        0.7682977419768428,
        0.733441160285043,
        0.7347690524160563,
        0.7840502896585727,
        0.7496123155676001,
        0.7879088504088504
    ],
    "mean_cv_f1": 0.744773231862055,
    "std_cv_f1": 0.027617991033671394,
    "feature_importances": {
        "team_id": 0.04800660466960523,
        "opponent_id": 0.047444386134960916,
        "team_ELO_before": 0.09470033192117369,
        "opponent_ELO_before": 0.0989513482033856,
        "opponent_rest_days": 0.048635049513876656,
        "team_rest_days": 0.044974253291508885,
        "is_home": 0.04423051535346819,
        "team_h2h_win_percent": 0.0704269064761188,
        "opponent_h2h_win_percent": 0.06916781843704453,
        "team_ppg": 0.09308213271118047,
        "opponent_ppg": 0.09039745649221412,
        "team_ppg_mc": 0.07264543150284979,
        "opponent_ppg_mc": 0.0728005023010619,
        "team_home_advantage": 0.052617292680453245,
        "opponent_home_advantage": 0.05191997031109805
    },
    "high_confidence_threshold": 0.51,
    "high_confidence_accuracy": 0.8589473684210527,
    "high_confidence_precision": 0.8605506247196867,
    "high_confidence_recall": 0.8607796643761555,
    "high_confidence_f1": 0.8588928697893078,
    "number_high_confidence_predictions": 1425,
    "overall_confusion_matrix": [
        [
            467,
            97,
            82
        ],
        [
            87,
            508,
            51
        ],
        [
            97,
            79,
            470
        ]
    ]
}