{
    "model_name": "/root/barnard/ML/Models/portugal_liga_pro/Training-Results/Match-Result/v6-ghastly-sally-rs42/v6-ghastly-sally-rs42.joblib",
    "accuracy": 0.6,
    "precision_macro": 0.6102292768959435,
    "recall_macro": 0.610474492827434,
    "f1_score_macro": 0.5896112831097351,
    "classification_report": {
        "0": {
            "precision": 0.6666666666666666,
            "recall": 0.36363636363636365,
            "f1-score": 0.47058823529411764,
            "support": 22.0
        },
        "1": {
            "precision": 0.5925925925925926,
            "recall": 0.7619047619047619,
            "f1-score": 0.6666666666666666,
            "support": 21.0
        },
        "2": {
            "precision": 0.5714285714285714,
            "recall": 0.7058823529411765,
            "f1-score": 0.631578947368421,
            "support": 17.0
        },
        "accuracy": 0.6,
        "macro avg": {
            "precision": 0.6102292768959435,
            "recall": 0.610474492827434,
            "f1-score": 0.5896112831097351,
            "support": 60.0
        },
        "weighted avg": {
            "precision": 0.6137566137566137,
            "recall": 0.6,
            "f1-score": 0.5848297213622291,
            "support": 60.0
        }
    },
    "confusion_matrix": [
        [
            8,
            9,
            5
        ],
        [
            1,
            16,
            4
        ],
        [
            3,
            2,
            12
        ]
    ]
}