{
    "random_state": 42,
    "overall_accuracy": 0.7195253505933118,
    "overall_precision": 0.7189360973253333,
    "overall_recall": 0.7195253505933117,
    "overall_f1": 0.7186479815551992,
    "cv_accuracies": [
        0.7169811320754716,
        0.7196765498652291,
        0.738544474393531,
        0.7169811320754716,
        0.7439353099730458,
        0.6981132075471698,
        0.7115902964959568,
        0.7493261455525606,
        0.6945945945945946,
        0.7054054054054054
    ],
    "mean_cv_accuracy": 0.7195148247978436,
    "std_cv_accuracy": 0.017891307432421302,
    "cv_precisions": [
        0.7205610831143846,
        0.7190550027996726,
        0.7381944295239528,
        0.7192320637613259,
        0.7433663533993734,
        0.6995710297145704,
        0.7158294927400398,
        0.7495976934904443,
        0.6949588109980659,
        0.7078606106653961
    ],
    "mean_cv_precision": 0.7208226570207226,
    "std_cv_precision": 0.017196624636584668,
    "cv_recalls": [
        0.7168458781362007,
        0.7194684850074307,
        0.7385698050528893,
        0.71678031296442,
        0.7440335693679517,
        0.6981816592359472,
        0.711709939680042,
        0.7495847539120551,
        0.694662995017047,
        0.7053064079027888
    ],
    "mean_cv_recall": 0.7195143806276773,
    "std_cv_recall": 0.01794039425461982,
    "cv_f1s": [
        0.7166708461373897,
        0.7171713200468667,
        0.7364783421497094,
        0.7159261428611273,
        0.743597588143477,
        0.6982850738843256,
        0.7115517782819158,
        0.7475090579710145,
        0.6930191747988358,
        0.7058566415477975
    ],
    "mean_cv_f1": 0.7186065965822459,
    "std_cv_f1": 0.01752799320160501,
    "feature_importances": {
        "team_id": 0.059650931693442655,
        "opponent_id": 0.059105739650388976,
        "team_ELO_before": 0.09491646729007559,
        "opponent_ELO_before": 0.09512513679473401,
        "opponent_rest_days": 0.050730078989666194,
        "team_rest_days": 0.04908162785791328,
        "is_home": 0.01952894715255722,
        "team_h2h_win_percent": 0.06017589594073195,
        "opponent_h2h_win_percent": 0.061005171556644554,
        "team_ppg": 0.09677095378039433,
        "opponent_ppg": 0.09767404314755293,
        "team_ppg_mc": 0.07621165215044165,
        "opponent_ppg_mc": 0.07612595002455462,
        "team_home_advantage": 0.05210265219864453,
        "opponent_home_advantage": 0.05179475177225751
    },
    "high_confidence_threshold": 0.51,
    "high_confidence_accuracy": 0.8810924369747899,
    "high_confidence_precision": 0.875296130198497,
    "high_confidence_recall": 0.8772015697427992,
    "high_confidence_f1": 0.875057143493771,
    "number_high_confidence_predictions": 2380,
    "overall_confusion_matrix": [
        [
            888,
            151,
            197
        ],
        [
            131,
            968,
            137
        ],
        [
            226,
            198,
            812
        ]
    ]
}