{
    "model_name": "/root/barnard/ML/Models/combined_leagues/Training-Results/Match-Result/v6-porose-rub-rs42/v6-porose-rub-rs42.joblib",
    "accuracy": 0.6451612903225806,
    "precision_macro": 0.5715260017050299,
    "recall_macro": 0.6240102171136654,
    "f1_score_macro": 0.5575533035487269,
    "classification_report": {
        "0": {
            "precision": 0.4,
            "recall": 0.1111111111111111,
            "f1-score": 0.17391304347826086,
            "support": 18.0
        },
        "1": {
            "precision": 0.6086956521739131,
            "recall": 0.9333333333333333,
            "f1-score": 0.7368421052631579,
            "support": 15.0
        },
        "2": {
            "precision": 0.7058823529411765,
            "recall": 0.8275862068965517,
            "f1-score": 0.7619047619047619,
            "support": 29.0
        },
        "accuracy": 0.6451612903225806,
        "macro avg": {
            "precision": 0.5715260017050299,
            "recall": 0.6240102171136654,
            "f1-score": 0.5575533035487269,
            "support": 62.0
        },
        "weighted avg": {
            "precision": 0.5935648873855293,
            "recall": 0.6451612903225806,
            "f1-score": 0.5851339428515188,
            "support": 62.0
        }
    },
    "confusion_matrix": [
        [
            2,
            7,
            9
        ],
        [
            0,
            14,
            1
        ],
        [
            3,
            2,
            24
        ]
    ]
}