{
    "league_name": "Albania Superliga",
    "accuracy": 0.625,
    "threshold_accuracy": 0.6333333333333333,
    "roi": 21.166666666666664
}