{
    "team_ELO_before": 0.2360308421436011,
    "opponent_ELO_before": 0.23692813021631115,
    "odds_team_win": 0.17828938678618195,
    "odds_draw": 0.15902945581546837,
    "odds_opponent_win": 0.18972218503843752
}