{
    "balance_classes": false,
    "n_estimators": 165,
    "min_sample_leaf": 1,
    "random_state": 22,
    "overall_accuracy": 0.4770233517771734,
    "overall_precision": 0.4292175581391032,
    "overall_recall": 0.4302362810093459,
    "overall_f1": 0.4193603771898899,
    "cv_accuracies": [
        0.4781956297477258,
        0.46619150332926945,
        0.47828941198536995,
        0.484197692956954,
        0.4780080652724374,
        0.4818531370158492,
        0.47303760667729533,
        0.4779142830347932,
        0.4736940823408047,
        0.47885210541123513
    ],
    "mean_cv_accuracy": 0.4770233517771734,
    "std_cv_accuracy": 0.004766361712184674,
    "cv_precisions": [
        0.4279757674677185,
        0.41936510340252653,
        0.4285246704786178,
        0.4366242607904362,
        0.42995984415455785,
        0.43538236344839154,
        0.42389874144844014,
        0.43109432222192784,
        0.42641032370677817,
        0.4328823145361187
    ],
    "mean_cv_precision": 0.4292117711655513,
    "std_cv_precision": 0.004956115243228718,
    "cv_recalls": [
        0.43043409115285236,
        0.42001215529221647,
        0.4315943734470719,
        0.43747747312882873,
        0.430900020202825,
        0.43418918909325727,
        0.4251931079909972,
        0.43196921310108793,
        0.42678113303479703,
        0.4338120060032515
    ],
    "mean_cv_recall": 0.4302362762447185,
    "std_cv_recall": 0.004775748008798783,
    "cv_f1s": [
        0.4183243437489293,
        0.40975002221775636,
        0.4202239000834438,
        0.427285161122639,
        0.42003523637725476,
        0.4237829549240006,
        0.41320551213726814,
        0.42106167841944075,
        0.4159133652450067,
        0.42383746585294224
    ],
    "mean_cv_f1": 0.4193419640128681,
    "std_cv_f1": 0.00499694308923413,
    "feature_importances": {
        "team_ELO_before": 0.2360308421436011,
        "opponent_ELO_before": 0.23692813021631115,
        "odds_team_win": 0.17828938678618195,
        "odds_draw": 0.15902945581546837,
        "odds_opponent_win": 0.18972218503843752
    },
    "high_confidence_threshold": 0.51,
    "high_confidence_accuracy": 0.5747511579777274,
    "high_confidence_precision": 0.4927351950836915,
    "high_confidence_recall": 0.4787857317561519,
    "high_confidence_f1": 0.45008721915597044,
    "number_high_confidence_predictions": 50735,
    "overall_confusion_matrix": [
        [
            4535,
            8054,
            15246
        ],
        [
            4693,
            13948,
            13280
        ],
        [
            5837,
            8655,
            32382
        ]
    ]
}