{
    "team_id": 0.07629682794674238,
    "opponent_id": 0.07606452805420914,
    "team_ELO_before": 0.08806913392119105,
    "opponent_ELO_before": 0.08785776814756643,
    "odds_team_win": 0.07074750455480742,
    "odds_draw": 0.06594406082908152,
    "odds_opponent_win": 0.0705002908752657,
    "opponent_rest_days": 0.04526375989707146,
    "team_rest_days": 0.04533191439627525,
    "team_h2h_win_percent": 0.05786406927940191,
    "opponent_h2h_win_percent": 0.05787152032707469,
    "pre_match_home_ppg": 0.07703231916556423,
    "pre_match_away_ppg": 0.07718329016451611,
    "team_home_advantage": 0.05209772850421311,
    "opponent_home_advantage": 0.05187528393701964
}