{
    "random_state": 42,
    "overall_accuracy": 0.7001351641937763,
    "overall_precision": 0.701040315311523,
    "overall_recall": 0.7001351641937763,
    "overall_f1": 0.6999287406112901,
    "cv_accuracies": [
        0.7023346303501945,
        0.6957300839647758,
        0.7033585910301045,
        0.7074032357157485,
        0.7035121851320909,
        0.69306778619701,
        0.6950645095228343,
        0.7020274421462216,
        0.7024729916542932,
        0.6963801136654549
    ],
    "mean_cv_accuracy": 0.7001351569378729,
    "std_cv_accuracy": 0.004445986121525111,
    "cv_precisions": [
        0.7032515817974895,
        0.6959978688873688,
        0.7040421403339048,
        0.7088403822765715,
        0.7050987579364595,
        0.6932258065085076,
        0.696248818488452,
        0.7028780651199282,
        0.7032637478439511,
        0.6978623904221157
    ],
    "mean_cv_precision": 0.7010709559614748,
    "std_cv_precision": 0.004680541682406438,
    "cv_recalls": [
        0.7023378530782874,
        0.6957330707346809,
        0.7033562171324071,
        0.7074009221308333,
        0.7035107863859208,
        0.6930649954470685,
        0.6950636926771607,
        0.702026481161543,
        0.7024754515635953,
        0.6963821750941316
    ],
    "mean_cv_recall": 0.7001351645405629,
    "std_cv_recall": 0.004445644747848628,
    "cv_f1s": [
        0.7021399027578249,
        0.6954040306617078,
        0.7030360089475541,
        0.7072473229370098,
        0.7034816013311836,
        0.6926743058348402,
        0.6949239947079433,
        0.7017384868305764,
        0.7023637825808847,
        0.6962239996763029
    ],
    "mean_cv_f1": 0.6999233436265827,
    "std_cv_f1": 0.004492277280051134,
    "feature_importances": {
        "team_id": 0.07629682794674238,
        "opponent_id": 0.07606452805420914,
        "team_ELO_before": 0.08806913392119105,
        "opponent_ELO_before": 0.08785776814756643,
        "odds_team_win": 0.07074750455480742,
        "odds_draw": 0.06594406082908152,
        "odds_opponent_win": 0.0705002908752657,
        "opponent_rest_days": 0.04526375989707146,
        "team_rest_days": 0.04533191439627525,
        "team_h2h_win_percent": 0.05786406927940191,
        "opponent_h2h_win_percent": 0.05787152032707469,
        "pre_match_home_ppg": 0.07703231916556423,
        "pre_match_away_ppg": 0.07718329016451611,
        "team_home_advantage": 0.05209772850421311,
        "opponent_home_advantage": 0.05187528393701964
    },
    "high_confidence_threshold": 0.51,
    "high_confidence_accuracy": 0.9004841793071412,
    "high_confidence_precision": 0.884810594514933,
    "high_confidence_recall": 0.9000771417723242,
    "high_confidence_f1": 0.8889898603216101,
    "number_high_confidence_predictions": 111942,
    "overall_confusion_matrix": [
        [
            44474,
            7831,
            12801
        ],
        [
            5313,
            49586,
            10207
        ],
        [
            10273,
            12144,
            42689
        ]
    ]
}