{
    "random_state": 42,
    "overall_accuracy": 0.7550505050505051,
    "overall_precision": 0.7550678088290277,
    "overall_recall": 0.7550505050505051,
    "overall_f1": 0.7543107157130606,
    "cv_accuracies": [
        0.725,
        0.7125,
        0.759493670886076,
        0.7215189873417721,
        0.7848101265822784,
        0.7721518987341772,
        0.7721518987341772,
        0.7721518987341772,
        0.7974683544303798,
        0.7341772151898734
    ],
    "mean_cv_accuracy": 0.7551424050632911,
    "std_cv_accuracy": 0.028027797857340386,
    "cv_precisions": [
        0.7274705581157194,
        0.7163395225464191,
        0.7644444444444445,
        0.7214882818331093,
        0.7988425925925925,
        0.7747584541062801,
        0.7753623188405797,
        0.7734305923961097,
        0.8143338143338142,
        0.73950204384987
    ],
    "mean_cv_precision": 0.7605972623058939,
    "std_cv_precision": 0.03158957167536181,
    "cv_recalls": [
        0.7236467236467238,
        0.7127255460588794,
        0.7602089268755936,
        0.7217473884140552,
        0.784900284900285,
        0.7735042735042734,
        0.7730294396961064,
        0.772079772079772,
        0.7953466286799621,
        0.7340930674264007
    ],
    "mean_cv_recall": 0.7551282051282052,
    "std_cv_recall": 0.02796609891565907,
    "cv_f1s": [
        0.7216212010049134,
        0.713370277521221,
        0.7602564102564102,
        0.7191919191919193,
        0.7844966405686046,
        0.7691954022988506,
        0.7718518518518517,
        0.772051282051282,
        0.7943403129573342,
        0.7345655243229366
    ],
    "mean_cv_f1": 0.7540940822025324,
    "std_cv_f1": 0.027857386896234335,
    "feature_importances": {
        "team_id": 0.04426051782540984,
        "opponent_id": 0.04827136521690657,
        "team_ELO_before": 0.09749730774287546,
        "opponent_ELO_before": 0.10443154507266728,
        "opponent_rest_days": 0.053594318965542655,
        "team_rest_days": 0.05118702770156998,
        "is_home": 0.028030004543592023,
        "team_h2h_win_percent": 0.060994119760415536,
        "opponent_h2h_win_percent": 0.057423690019563656,
        "team_ppg": 0.0942348049965668,
        "opponent_ppg": 0.10317535321251867,
        "team_ppg_mc": 0.06857663103660434,
        "opponent_ppg_mc": 0.06871065447379147,
        "team_home_advantage": 0.06363092592640122,
        "opponent_home_advantage": 0.055981733505574505
    },
    "high_confidence_threshold": 0.51,
    "high_confidence_accuracy": 0.8602150537634409,
    "high_confidence_precision": 0.8568116165939631,
    "high_confidence_recall": 0.8629990671018408,
    "high_confidence_f1": 0.8586873325679295,
    "number_high_confidence_predictions": 558,
    "overall_confusion_matrix": [
        [
            192,
            34,
            38
        ],
        [
            27,
            219,
            18
        ],
        [
            47,
            30,
            187
        ]
    ]
}