{
    "random_state": 42,
    "overall_accuracy": 0.6908446163765313,
    "overall_precision": 0.690387700146814,
    "overall_recall": 0.6908446163765313,
    "overall_f1": 0.6900277850627669,
    "cv_accuracies": [
        0.7170418006430869,
        0.6977491961414791,
        0.6580645161290323,
        0.6548387096774193,
        0.7,
        0.6741935483870968,
        0.7354838709677419,
        0.6870967741935484,
        0.7064516129032258,
        0.6774193548387096
    ],
    "mean_cv_accuracy": 0.690833938388134,
    "std_cv_accuracy": 0.024282770246422787,
    "cv_precisions": [
        0.7163488354201527,
        0.7004722969884719,
        0.6570833333333334,
        0.6545815295815296,
        0.696354779688113,
        0.6769597414286883,
        0.7369000508371157,
        0.6910579853503558,
        0.7153404482998962,
        0.6805414861560162
    ],
    "mean_cv_precision": 0.6925640487083673,
    "std_cv_precision": 0.024937780855252605,
    "cv_recalls": [
        0.7168595967139657,
        0.6977221807318895,
        0.6578292257903908,
        0.654655215334827,
        0.7004605426935524,
        0.6744772218073188,
        0.7355613642021409,
        0.6872043813791388,
        0.7060306198655714,
        0.6774334080159323
    ],
    "mean_cv_recall": 0.6908233756534727,
    "std_cv_recall": 0.024305217644702056,
    "cv_f1s": [
        0.7161580313820387,
        0.6979927992799281,
        0.656671828735882,
        0.6541376359858209,
        0.6970282516546414,
        0.6727065826330532,
        0.7359510392791954,
        0.6868059516612531,
        0.7024354619442607,
        0.677676204389642
    ],
    "mean_cv_f1": 0.6897563786945715,
    "std_cv_f1": 0.02433328029344595,
    "feature_importances": {
        "team_id": 0.05562572507458644,
        "opponent_id": 0.053791989899990934,
        "team_ELO_before": 0.09717422494666249,
        "opponent_ELO_before": 0.09742829194578098,
        "opponent_rest_days": 0.05209078671343211,
        "team_rest_days": 0.053734397522582675,
        "is_home": 0.015251662365036733,
        "team_h2h_win_percent": 0.06995350628154753,
        "opponent_h2h_win_percent": 0.06876604635183638,
        "team_ppg": 0.08949539595761466,
        "opponent_ppg": 0.09395827154064999,
        "team_ppg_mc": 0.07714311816557874,
        "opponent_ppg_mc": 0.07791622506728851,
        "team_home_advantage": 0.0503958970532972,
        "opponent_home_advantage": 0.04727446111411462
    },
    "high_confidence_threshold": 0.51,
    "high_confidence_accuracy": 0.8647932131495228,
    "high_confidence_precision": 0.8560457516339869,
    "high_confidence_recall": 0.8638273746652155,
    "high_confidence_f1": 0.8587124649320832,
    "number_high_confidence_predictions": 1886,
    "overall_confusion_matrix": [
        [
            728,
            138,
            168
        ],
        [
            131,
            767,
            136
        ],
        [
            197,
            189,
            648
        ]
    ]
}