{
    "random_state": 42,
    "overall_accuracy": 0.6765827612509535,
    "overall_precision": 0.6755769328956024,
    "overall_recall": 0.6765827612509535,
    "overall_f1": 0.6755434557715505,
    "cv_accuracies": [
        0.6501901140684411,
        0.6311787072243346,
        0.7061068702290076,
        0.6641221374045801,
        0.7175572519083969,
        0.6793893129770993,
        0.6641221374045801,
        0.6755725190839694,
        0.6641221374045801,
        0.7137404580152672
    ],
    "mean_cv_accuracy": 0.6766101645720257,
    "std_cv_accuracy": 0.026765775767005503,
    "cv_precisions": [
        0.6484715895468712,
        0.6288950715421303,
        0.7055744199207696,
        0.6641202306259116,
        0.72566433084921,
        0.6789005553050496,
        0.663540536987742,
        0.677427933198596,
        0.6653224592523016,
        0.7173887617594712
    ],
    "mean_cv_precision": 0.6775305888988054,
    "std_cv_precision": 0.029031554462875357,
    "cv_recalls": [
        0.6497300592128178,
        0.6306165099268548,
        0.7059386973180076,
        0.6638801811215604,
        0.7180860327412052,
        0.6798153953326368,
        0.6646203413444792,
        0.6754179728317659,
        0.6641849529780565,
        0.7139498432601882
    ],
    "mean_cv_recall": 0.6766239986067573,
    "std_cv_recall": 0.026989823163734983,
    "cv_f1s": [
        0.6482076542782716,
        0.6269677962078691,
        0.7043072832517975,
        0.6639575357205415,
        0.7146134212141773,
        0.6767616427114636,
        0.6611008354723439,
        0.6752320610273049,
        0.6643977824867826,
        0.7134911449268647
    ],
    "mean_cv_f1": 0.6749037157297415,
    "std_cv_f1": 0.027138947951162416,
    "feature_importances": {
        "team_id": 0.05213760230201679,
        "opponent_id": 0.054541582541003164,
        "team_ELO_before": 0.10239095733823547,
        "opponent_ELO_before": 0.10150027875383302,
        "opponent_rest_days": 0.04367803217664464,
        "team_rest_days": 0.046867860496928,
        "is_home": 0.016799481787352757,
        "team_h2h_win_percent": 0.07395269299073244,
        "opponent_h2h_win_percent": 0.07310556264672058,
        "team_ppg": 0.082147902717228,
        "opponent_ppg": 0.08595384893753474,
        "team_ppg_mc": 0.07971426092592719,
        "opponent_ppg_mc": 0.07908475473602437,
        "team_home_advantage": 0.05454871360605261,
        "opponent_home_advantage": 0.05357646804376622
    },
    "high_confidence_threshold": 0.51,
    "high_confidence_accuracy": 0.8723675813656668,
    "high_confidence_precision": 0.8624993061039469,
    "high_confidence_recall": 0.8717405531206962,
    "high_confidence_f1": 0.8654169232942818,
    "number_high_confidence_predictions": 1567,
    "overall_confusion_matrix": [
        [
            614,
            106,
            154
        ],
        [
            105,
            637,
            132
        ],
        [
            165,
            186,
            523
        ]
    ]
}