{
    "random_state": 42,
    "overall_accuracy": 0.7146725750861644,
    "overall_precision": 0.7140110227708666,
    "overall_recall": 0.7146725750861643,
    "overall_f1": 0.7131801570807822,
    "cv_accuracies": [
        0.7174447174447175,
        0.6535626535626535,
        0.7167487684729064,
        0.729064039408867,
        0.729064039408867,
        0.7167487684729064,
        0.7019704433497537,
        0.7192118226600985,
        0.7339901477832512,
        0.729064039408867
    ],
    "mean_cv_accuracy": 0.7146869439972887,
    "std_cv_accuracy": 0.022197267050960742,
    "cv_precisions": [
        0.7174384487817324,
        0.6526944762674933,
        0.7167578725038403,
        0.7307835945914584,
        0.7282597331020705,
        0.7160353434216676,
        0.6998963141347248,
        0.720051369117583,
        0.7331650660756792,
        0.7312137869558758
    ],
    "mean_cv_precision": 0.7146296004952124,
    "std_cv_precision": 0.022720367434707407,
    "cv_recalls": [
        0.7177196804647785,
        0.6537400145243283,
        0.7168119099491648,
        0.7291031227305736,
        0.728848946986202,
        0.716557734204793,
        0.7017066085693537,
        0.7190268700072622,
        0.7341503267973856,
        0.7292665214233841
    ],
    "mean_cv_recall": 0.7146931735657225,
    "std_cv_recall": 0.022178459374703016,
    "cv_f1s": [
        0.7149673939454307,
        0.6529940716879148,
        0.7150605195587895,
        0.7283054908054908,
        0.728057588249189,
        0.7160082658943434,
        0.6996128836199706,
        0.7182547776887399,
        0.731475614913407,
        0.7274097297952259
    ],
    "mean_cv_f1": 0.7132146336158501,
    "std_cv_f1": 0.021986864363964805,
    "feature_importances": {
        "team_id": 0.06050164515800971,
        "opponent_id": 0.060923836451962234,
        "team_ELO_before": 0.09194887646642254,
        "opponent_ELO_before": 0.09500094039201244,
        "opponent_rest_days": 0.05141245493778605,
        "team_rest_days": 0.05082856252675968,
        "is_home": 0.012051928002876322,
        "team_h2h_win_percent": 0.07003740851042425,
        "opponent_h2h_win_percent": 0.06960519847838387,
        "team_ppg": 0.0907914890368381,
        "opponent_ppg": 0.09462357213236912,
        "team_ppg_mc": 0.0773332750651762,
        "opponent_ppg_mc": 0.07625232169413942,
        "team_home_advantage": 0.0498941208674243,
        "opponent_home_advantage": 0.048794370279415765
    },
    "high_confidence_threshold": 0.51,
    "high_confidence_accuracy": 0.8941361668634396,
    "high_confidence_precision": 0.8876502129557262,
    "high_confidence_recall": 0.8917193902906863,
    "high_confidence_f1": 0.8881656390516864,
    "number_high_confidence_predictions": 2541,
    "overall_confusion_matrix": [
        [
            930,
            171,
            253
        ],
        [
            116,
            1095,
            143
        ],
        [
            232,
            244,
            878
        ]
    ]
}