{
    "team_id": 0.06941946353355818,
    "opponent_id": 0.06907309650920632,
    "team_ELO_before": 0.0932321056521858,
    "opponent_ELO_before": 0.09293787264138217,
    "opponent_rest_days": 0.047862755031413455,
    "team_rest_days": 0.04779989519289086,
    "is_home": 0.01637847199536946,
    "team_h2h_win_percent": 0.06585846601843746,
    "opponent_h2h_win_percent": 0.06638314345757412,
    "team_ppg": 0.0963681172378372,
    "opponent_ppg": 0.09455625461103398,
    "team_ppg_mc": 0.07635568695291492,
    "opponent_ppg_mc": 0.07606022439008794,
    "team_home_advantage": 0.0440224737442826,
    "opponent_home_advantage": 0.0436919730318255
}