{
    "random_state": 42,
    "overall_accuracy": 0.7364796563052818,
    "overall_precision": 0.7361137306561,
    "overall_recall": 0.7364796563052818,
    "overall_f1": 0.7353981156379022,
    "cv_accuracies": [
        0.7441566645609602,
        0.7331017056222363,
        0.7334175615919141,
        0.7545799115603284,
        0.7274162981680353,
        0.7362602653190146,
        0.7355450236966825,
        0.7311216429699842,
        0.7342812006319115,
        0.734913112164297
    ],
    "mean_cv_accuracy": 0.7364793386285363,
    "std_cv_accuracy": 0.007255373015453404,
    "cv_precisions": [
        0.7442169192887628,
        0.732589810782689,
        0.7327726441242851,
        0.7543261751942953,
        0.7273028836491067,
        0.7364244776171844,
        0.7354886734676614,
        0.7303749710631792,
        0.734251863892616,
        0.734509557643086
    ],
    "mean_cv_precision": 0.7362257976722866,
    "std_cv_precision": 0.0073341778551433935,
    "cv_recalls": [
        0.7441709751543875,
        0.733114617741395,
        0.7333901814352052,
        0.7545556273636843,
        0.7274289099526067,
        0.7362693881947436,
        0.7355450236966825,
        0.7311216429699843,
        0.7342812006319116,
        0.734913112164297
    ],
    "mean_cv_recall": 0.7364790679304898,
    "std_cv_recall": 0.0072497916281554385,
    "cv_f1s": [
        0.7433704130742683,
        0.7320375626804889,
        0.7322060745711544,
        0.7536128817725757,
        0.7261654449209901,
        0.7346294266615474,
        0.7344982430352002,
        0.7304255856246842,
        0.7329298738904112,
        0.7339312916126417
    ],
    "mean_cv_f1": 0.7353806797843963,
    "std_cv_f1": 0.0073241200208907595,
    "feature_importances": {
        "team_id": 0.06941946353355818,
        "opponent_id": 0.06907309650920632,
        "team_ELO_before": 0.0932321056521858,
        "opponent_ELO_before": 0.09293787264138217,
        "opponent_rest_days": 0.047862755031413455,
        "team_rest_days": 0.04779989519289086,
        "is_home": 0.01637847199536946,
        "team_h2h_win_percent": 0.06585846601843746,
        "opponent_h2h_win_percent": 0.06638314345757412,
        "team_ppg": 0.0963681172378372,
        "opponent_ppg": 0.09455625461103398,
        "team_ppg_mc": 0.07635568695291492,
        "opponent_ppg_mc": 0.07606022439008794,
        "team_home_advantage": 0.0440224737442826,
        "opponent_home_advantage": 0.0436919730318255
    },
    "high_confidence_threshold": 0.51,
    "high_confidence_accuracy": 0.8908585665005749,
    "high_confidence_precision": 0.890123192364654,
    "high_confidence_recall": 0.8922480005116761,
    "high_confidence_f1": 0.8875709793358365,
    "number_high_confidence_predictions": 20872,
    "overall_confusion_matrix": [
        [
            7289,
            1426,
            1837
        ],
        [
            981,
            8628,
            943
        ],
        [
            1620,
            1535,
            7397
        ]
    ]
}