{
    "random_state": 42,
    "overall_accuracy": 0.6856145599601097,
    "overall_precision": 0.6848346262547796,
    "overall_recall": 0.6856145599601097,
    "overall_f1": 0.684418982110005,
    "cv_accuracies": [
        0.6836861768368617,
        0.7148194271481942,
        0.6945137157107232,
        0.6882793017456359,
        0.6820448877805486,
        0.6920199501246883,
        0.6670822942643392,
        0.6670822942643392,
        0.6895261845386533,
        0.6770573566084788
    ],
    "mean_cv_accuracy": 0.6856111589022463,
    "std_cv_accuracy": 0.013312124163486658,
    "cv_precisions": [
        0.6832616716195977,
        0.7140709418670593,
        0.6922636546844013,
        0.6912735132310296,
        0.6808701736186916,
        0.6916989564980848,
        0.6668512962841681,
        0.6656701344201345,
        0.6905597297454715,
        0.6762685185185185
    ],
    "mean_cv_precision": 0.6852788590487157,
    "std_cv_precision": 0.01345950024424205,
    "cv_recalls": [
        0.6837907839081745,
        0.7149225781206328,
        0.6946307786908156,
        0.6882814392457188,
        0.6819460748691002,
        0.6919149570499562,
        0.6669135595431084,
        0.6669694598170198,
        0.6895950956826354,
        0.6770967261072913
    ],
    "mean_cv_recall": 0.6856061453034454,
    "std_cv_recall": 0.013377622902901686,
    "cv_f1s": [
        0.6829001135934281,
        0.7137816312404605,
        0.6923895377370152,
        0.6878058732633993,
        0.6809094809094809,
        0.6909944955044466,
        0.6638960032680169,
        0.6658421350852538,
        0.6886617176463624,
        0.676053777748693
    ],
    "mean_cv_f1": 0.6843234765996555,
    "std_cv_f1": 0.013598547830693765,
    "feature_importances": {
        "team_id": 0.07621505237478768,
        "opponent_id": 0.07483989139853421,
        "team_ELO_before": 0.09632557375096866,
        "opponent_ELO_before": 0.09482247134117006,
        "opponent_rest_days": 0.04450879211733983,
        "team_rest_days": 0.04499282493270646,
        "is_home": 0.005779452037044596,
        "team_h2h_win_percent": 0.05878717725803523,
        "opponent_h2h_win_percent": 0.0582120670764279,
        "team_ppg": 0.09427297391909248,
        "opponent_ppg": 0.09339354340957244,
        "team_ppg_mc": 0.0848409032680384,
        "opponent_ppg_mc": 0.08431992507699569,
        "team_home_advantage": 0.04430540960620091,
        "opponent_home_advantage": 0.04438394243308546
    },
    "high_confidence_threshold": 0.51,
    "high_confidence_accuracy": 0.8943287549844927,
    "high_confidence_precision": 0.8786150984626416,
    "high_confidence_recall": 0.8941357506828324,
    "high_confidence_f1": 0.881911061227621,
    "number_high_confidence_predictions": 4514,
    "overall_confusion_matrix": [
        [
            1735,
            357,
            582
        ],
        [
            250,
            2077,
            347
        ],
        [
            500,
            486,
            1688
        ]
    ]
}