{
    "random_state": 42,
    "overall_accuracy": 0.7031763585537432,
    "overall_precision": 0.704679153609045,
    "overall_recall": 0.7031763585537432,
    "overall_f1": 0.7030640784820384,
    "cv_accuracies": [
        0.7027442146221585,
        0.7015666598402621,
        0.7062768789678476,
        0.7071984435797666,
        0.7053553143559287,
        0.7005938971943477,
        0.7009010853983207,
        0.7028466106901495,
        0.7046746198351339,
        0.6996057549536634
    ],
    "mean_cv_accuracy": 0.7031763479437579,
    "std_cv_accuracy": 0.002454889543374584,
    "cv_precisions": [
        0.7038160556304304,
        0.703035013247729,
        0.7074708426672124,
        0.709520211835354,
        0.7070551358776928,
        0.7017005046507602,
        0.702328771225977,
        0.7042987966306149,
        0.7061329904859132,
        0.7016961676739824
    ],
    "mean_cv_precision": 0.7047054489925666,
    "std_cv_precision": 0.00256649665133381,
    "cv_recalls": [
        0.7027473770608218,
        0.7015697331460728,
        0.7062747567372494,
        0.7071964078593059,
        0.7053536875599787,
        0.7005917277492428,
        0.7008998675131918,
        0.7028454504854245,
        0.7046767678126024,
        0.6996077220298266
    ],
    "mean_cv_recall": 0.7031763497953716,
    "std_cv_recall": 0.002454088878423964,
    "cv_f1s": [
        0.7026486715461866,
        0.7015035487049593,
        0.7060268861826948,
        0.7072391814043165,
        0.7053441932172423,
        0.7004969410384887,
        0.700659006723623,
        0.7026009240112226,
        0.7046552733042324,
        0.6994665044323103
    ],
    "mean_cv_f1": 0.7030641130565276,
    "std_cv_f1": 0.0024915852397704814,
    "feature_importances": {
        "team_id": 0.07039177427548363,
        "opponent_id": 0.07031741414834859,
        "team_ELO_before": 0.0816041102991143,
        "opponent_ELO_before": 0.0818366433930908,
        "odds_team_win": 0.06611184739053508,
        "odds_draw": 0.06077637383918311,
        "odds_opponent_win": 0.0662489083512087,
        "opponent_rest_days": 0.04137730640095235,
        "team_rest_days": 0.041424908287255105,
        "is_home": 0.015873106041427117,
        "team_h2h_win_percent": 0.053141350152762244,
        "opponent_h2h_win_percent": 0.053202292106653636,
        "team_ppg_mc": 0.06525044210199493,
        "opponent_ppg_mc": 0.0653882102454166,
        "pre_match_home_xg": 0.04163734875312786,
        "pre_match_away_xg": 0.04149984851240924,
        "team_home_advantage": 0.041868035099699316,
        "opponent_home_advantage": 0.0420500806013374
    },
    "high_confidence_threshold": 0.51,
    "high_confidence_accuracy": 0.8971550161557255,
    "high_confidence_precision": 0.8828034055979074,
    "high_confidence_recall": 0.8968811488758445,
    "high_confidence_f1": 0.8863605538320725,
    "number_high_confidence_predictions": 114201,
    "overall_confusion_matrix": [
        [
            44381,
            7786,
            12939
        ],
        [
            5013,
            49830,
            10263
        ],
        [
            9776,
            12198,
            43132
        ]
    ]
}