{
    "random_state": 42,
    "overall_accuracy": 0.7144508670520231,
    "overall_precision": 0.7134908160309049,
    "overall_recall": 0.714450867052023,
    "overall_f1": 0.7135007277144417,
    "cv_accuracies": [
        0.6801541425818882,
        0.720616570327553,
        0.6917148362235067,
        0.7129094412331407,
        0.7283236994219653,
        0.7148362235067437,
        0.7013487475915221,
        0.7495183044315993,
        0.7398843930635838,
        0.7052023121387283
    ],
    "mean_cv_accuracy": 0.7144508670520231,
    "std_cv_accuracy": 0.020149389537420244,
    "cv_precisions": [
        0.6812105472699365,
        0.720395930702182,
        0.6905728031953523,
        0.7116304158474005,
        0.7274869526134063,
        0.7179325020384623,
        0.7006242197253433,
        0.7488225595784757,
        0.7381994468402319,
        0.7058861348282867
    ],
    "mean_cv_precision": 0.7142761512639078,
    "std_cv_precision": 0.01977390875848188,
    "cv_recalls": [
        0.6801541425818881,
        0.720616570327553,
        0.6917148362235067,
        0.7129094412331406,
        0.7283236994219653,
        0.7148362235067438,
        0.7013487475915222,
        0.7495183044315993,
        0.7398843930635838,
        0.7052023121387284
    ],
    "mean_cv_recall": 0.7144508670520231,
    "std_cv_recall": 0.020149389537420247,
    "cv_f1s": [
        0.6788208078003996,
        0.7201350312668721,
        0.6903255396884894,
        0.7109273824579018,
        0.7270519960569327,
        0.7148198003065174,
        0.6999434870667066,
        0.7488989102436888,
        0.7371546525106742,
        0.7045129383492922
    ],
    "mean_cv_f1": 0.7132590545747475,
    "std_cv_f1": 0.020130408982778392,
    "feature_importances": {
        "team_id": 0.05872731342440748,
        "opponent_id": 0.05929007861627741,
        "team_ELO_before": 0.09474209326439229,
        "opponent_ELO_before": 0.09254518470198371,
        "opponent_rest_days": 0.04864558739754386,
        "team_rest_days": 0.04877365635025441,
        "is_home": 0.02032081160350168,
        "team_h2h_win_percent": 0.07213788886213515,
        "opponent_h2h_win_percent": 0.072149609446259,
        "team_ppg": 0.08905094548218727,
        "opponent_ppg": 0.09010881448764615,
        "team_ppg_mc": 0.0780368532700971,
        "opponent_ppg_mc": 0.0773573083350433,
        "team_home_advantage": 0.04992989363660518,
        "opponent_home_advantage": 0.04818396112166601
    },
    "high_confidence_threshold": 0.51,
    "high_confidence_accuracy": 0.8946236559139785,
    "high_confidence_precision": 0.8881240296674123,
    "high_confidence_recall": 0.8950591863776,
    "high_confidence_f1": 0.8894084686905348,
    "number_high_confidence_predictions": 3255,
    "overall_confusion_matrix": [
        [
            1215,
            207,
            308
        ],
        [
            176,
            1363,
            191
        ],
        [
            325,
            275,
            1130
        ]
    ]
}