{
    "random_state": 42,
    "overall_accuracy": 0.7155377302436126,
    "overall_precision": 0.7147688003257028,
    "overall_recall": 0.7155377302436126,
    "overall_f1": 0.7142488204811254,
    "cv_accuracies": [
        0.7195845697329377,
        0.7062314540059347,
        0.7459138187221397,
        0.7013372956909361,
        0.7132243684992571,
        0.7013372956909361,
        0.7161961367013373,
        0.6924219910846954,
        0.7295690936106983,
        0.7295690936106983
    ],
    "mean_cv_accuracy": 0.7155385117349571,
    "std_cv_accuracy": 0.01537164912996442,
    "cv_precisions": [
        0.7197503073892234,
        0.7049341588604294,
        0.7460567725242875,
        0.7008960160752261,
        0.7134360406662168,
        0.7007194476706671,
        0.7154461803458417,
        0.691323704529466,
        0.7307249202410492,
        0.7279425016075501
    ],
    "mean_cv_precision": 0.7151230049909957,
    "std_cv_precision": 0.015713396864532776,
    "cv_recalls": [
        0.719755291005291,
        0.7063690476190475,
        0.7459920634920635,
        0.7014484126984127,
        0.7132010582010583,
        0.7011904761904763,
        0.7160912698412698,
        0.6922883597883599,
        0.7295701058201058,
        0.7296693121693122
    ],
    "mean_cv_recall": 0.7155575396825397,
    "std_cv_recall": 0.015416148864099912,
    "cv_f1s": [
        0.7178245121591167,
        0.7049892296463477,
        0.7443961106855297,
        0.6995286008763625,
        0.7132973932317115,
        0.6996298251015233,
        0.715380460272525,
        0.6901303675687475,
        0.7291035251321061,
        0.7266354771432567
    ],
    "mean_cv_f1": 0.7140915501817227,
    "std_cv_f1": 0.015477449268439055,
    "feature_importances": {
        "team_id": 0.06330155373985152,
        "opponent_id": 0.06239612447257329,
        "team_ELO_before": 0.09746227807039574,
        "opponent_ELO_before": 0.09770235166317595,
        "opponent_rest_days": 0.04787538841961711,
        "team_rest_days": 0.04761421599403096,
        "is_home": 0.014034831339252467,
        "team_h2h_win_percent": 0.06867958778751629,
        "opponent_h2h_win_percent": 0.06723462731468413,
        "team_ppg": 0.0896131429752838,
        "opponent_ppg": 0.09034344252411232,
        "team_ppg_mc": 0.0795365138545322,
        "opponent_ppg_mc": 0.07875086198571506,
        "team_home_advantage": 0.04721258682728972,
        "opponent_home_advantage": 0.04824249303196946
    },
    "high_confidence_threshold": 0.51,
    "high_confidence_accuracy": 0.8914231408885721,
    "high_confidence_precision": 0.8852077771932465,
    "high_confidence_recall": 0.8913773268984165,
    "high_confidence_f1": 0.8856776477758345,
    "number_high_confidence_predictions": 4209,
    "overall_confusion_matrix": [
        [
            1537,
            308,
            399
        ],
        [
            201,
            1802,
            241
        ],
        [
            405,
            361,
            1478
        ]
    ]
}