{
    "random_state": 42,
    "overall_accuracy": 0.7104042412193505,
    "overall_precision": 0.7102714863548952,
    "overall_recall": 0.7104042412193506,
    "overall_f1": 0.7093778857428537,
    "cv_accuracies": [
        0.6721854304635762,
        0.7251655629139073,
        0.6986754966887417,
        0.7235099337748344,
        0.6870860927152318,
        0.7251655629139073,
        0.7296849087893864,
        0.7014925373134329,
        0.7131011608623549,
        0.7280265339966833
    ],
    "mean_cv_accuracy": 0.7104093220432055,
    "std_cv_accuracy": 0.018757692650764633,
    "cv_precisions": [
        0.6737584789758703,
        0.7250706834931693,
        0.6988139181206104,
        0.7232942294475087,
        0.6966862216584747,
        0.7251984304198448,
        0.728558503499185,
        0.7007562619109388,
        0.7119238625140434,
        0.7276535193201861
    ],
    "mean_cv_precision": 0.7111714109359831,
    "std_cv_precision": 0.017268983739651293,
    "cv_recalls": [
        0.6722821535884932,
        0.725202370983367,
        0.6987586818383331,
        0.723560415743067,
        0.6869119747795676,
        0.7250053363545309,
        0.7296849087893865,
        0.7014925373134329,
        0.7131011608623549,
        0.7280265339966832
    ],
    "mean_cv_recall": 0.7104026074249216,
    "std_cv_recall": 0.018748445036637203,
    "cv_f1s": [
        0.6712519861930764,
        0.724847987113821,
        0.6980699904457159,
        0.7219254778312946,
        0.6859577599133578,
        0.7236489378200712,
        0.7274436229588902,
        0.7008011028765874,
        0.7117602100074208,
        0.7272767789238822
    ],
    "mean_cv_f1": 0.7092983854084118,
    "std_cv_f1": 0.018591123542987774,
    "feature_importances": {
        "team_id": 0.07068108552336747,
        "opponent_id": 0.07120468745598837,
        "team_ELO_before": 0.09313014598365663,
        "opponent_ELO_before": 0.09290500464862769,
        "opponent_rest_days": 0.05400864272271676,
        "team_rest_days": 0.05307832330120062,
        "is_home": 0.008028002220559726,
        "team_h2h_win_percent": 0.054614995608825614,
        "opponent_h2h_win_percent": 0.055392412744684746,
        "team_ppg": 0.09712466237788422,
        "opponent_ppg": 0.09475862761539522,
        "team_ppg_mc": 0.08093704218236263,
        "opponent_ppg_mc": 0.08187449257629349,
        "team_home_advantage": 0.04624688778665614,
        "opponent_home_advantage": 0.04601498725178061
    },
    "high_confidence_threshold": 0.51,
    "high_confidence_accuracy": 0.9030042918454936,
    "high_confidence_precision": 0.887700338731492,
    "high_confidence_recall": 0.9052982837551014,
    "high_confidence_f1": 0.8921290843843867,
    "number_high_confidence_predictions": 3495,
    "overall_confusion_matrix": [
        [
            1348,
            253,
            411
        ],
        [
            187,
            1598,
            227
        ],
        [
            315,
            355,
            1342
        ]
    ]
}