{
    "model_name": "v6-awned-loach-rs42",
    "accuracy": 0.6851851851851852,
    "precision_macro": 0.4450980392156863,
    "recall_macro": 0.6163342830009496,
    "f1_score_macro": 0.5156482861400894,
    "classification_report": {
        "0": {
            "precision": 0.0,
            "recall": 0.0,
            "f1-score": 0.0,
            "support": 14.0
        },
        "1": {
            "precision": 0.6,
            "recall": 0.9230769230769231,
            "f1-score": 0.7272727272727273,
            "support": 13.0
        },
        "2": {
            "precision": 0.7352941176470589,
            "recall": 0.9259259259259259,
            "f1-score": 0.819672131147541,
            "support": 27.0
        },
        "accuracy": 0.6851851851851852,
        "macro avg": {
            "precision": 0.4450980392156863,
            "recall": 0.6163342830009496,
            "f1-score": 0.5156482861400894,
            "support": 54.0
        },
        "weighted avg": {
            "precision": 0.5120915032679739,
            "recall": 0.6851851851851852,
            "f1-score": 0.5849202406579457,
            "support": 54.0
        }
    },
    "confusion_matrix": [
        [
            0,
            6,
            8
        ],
        [
            0,
            12,
            1
        ],
        [
            0,
            2,
            25
        ]
    ]
}