team_name,Accuracy
Toulouse,100.0
Olympique Lyonnais,100.0
Brest,100.0
Le Havre,100.0
Montpellier,100.0
PSG,100.0
Auxerre,100.0
Lille,75.0
Rennes,66.66666666666666
Reims,66.66666666666666
Angers SCO,66.66666666666666
Nantes,66.66666666666666
Monaco,66.66666666666666
Olympique Marseille,33.33333333333333
Lens,33.33333333333333
Saint-Étienne,33.33333333333333
Nice,33.33333333333333
Strasbourg,25.0
