{
    "team_id": 0.07313674953809284,
    "opponent_id": 0.0730939594295425,
    "team_ELO_before": 0.08811857860084706,
    "opponent_ELO_before": 0.08792617633593156,
    "opponent_rest_days": 0.04625597948281401,
    "team_rest_days": 0.04637763145735455,
    "is_home": 0.018636150100178175,
    "team_h2h_win_percent": 0.058313187746234466,
    "opponent_h2h_win_percent": 0.058296729089829004,
    "team_ppg": 0.10538653780085086,
    "opponent_ppg": 0.10440190954826511,
    "team_ppg_mc": 0.07577314446531362,
    "opponent_ppg_mc": 0.07581781059879752,
    "team_home_advantage": 0.04427518354127804,
    "opponent_home_advantage": 0.04419027226467072
}