{
    "random_state": 42,
    "overall_accuracy": 0.9503703305659296,
    "overall_precision": 0.950479919812401,
    "overall_recall": 0.9503703305659297,
    "overall_f1": 0.9503634204108914,
    "cv_accuracies": [
        0.9502944271544679,
        0.9493092716566285,
        0.9508541745964221,
        0.9501600877683989,
        0.9495555605310884,
        0.9514587018337326,
        0.951234802856951,
        0.9493988312473411,
        0.9493081366709955,
        0.9521293269446062
    ],
    "mean_cv_accuracy": 0.9503703321260633,
    "std_cv_accuracy": 0.0009576932724760938,
    "cv_precisions": [
        0.95036064033782,
        0.9494240801636781,
        0.950919881238583,
        0.9502718766952297,
        0.9497004155437647,
        0.9515720653729632,
        0.9513915236244149,
        0.9495651963449352,
        0.9494145534966568,
        0.9522240915309196
    ],
    "mean_cv_precision": 0.9504844324348964,
    "std_cv_precision": 0.0009492607148236763,
    "cv_recalls": [
        0.9502942812208769,
        0.9493091161969938,
        0.9508539544682185,
        0.9501599749217103,
        0.9495555379211674,
        0.9514586230780205,
        0.951235123150734,
        0.9493991625682957,
        0.9493081987836941,
        0.9521293890601333
    ],
    "mean_cv_recall": 0.9503703361369844,
    "std_cv_recall": 0.0009576958214582665,
    "cv_f1s": [
        0.9502845504905246,
        0.9493125408430753,
        0.950840033298257,
        0.9501524524118351,
        0.9495369405739272,
        0.9514520084435157,
        0.951223122229531,
        0.9493934471884319,
        0.9493017522394047,
        0.9521282136181338
    ],
    "mean_cv_f1": 0.9503625061336637,
    "std_cv_f1": 0.0009576998370058948,
    "feature_importances": {
        "team_id": 0.07313674953809284,
        "opponent_id": 0.0730939594295425,
        "team_ELO_before": 0.08811857860084706,
        "opponent_ELO_before": 0.08792617633593156,
        "opponent_rest_days": 0.04625597948281401,
        "team_rest_days": 0.04637763145735455,
        "is_home": 0.018636150100178175,
        "team_h2h_win_percent": 0.058313187746234466,
        "opponent_h2h_win_percent": 0.058296729089829004,
        "team_ppg": 0.10538653780085086,
        "opponent_ppg": 0.10440190954826511,
        "team_ppg_mc": 0.07577314446531362,
        "opponent_ppg_mc": 0.07581781059879752,
        "team_home_advantage": 0.04427518354127804,
        "opponent_home_advantage": 0.04419027226467072
    },
    "high_confidence_threshold": 0.51,
    "high_confidence_accuracy": 0.9838911172590727,
    "high_confidence_precision": 0.9838763530367088,
    "high_confidence_recall": 0.9840061639535199,
    "high_confidence_f1": 0.9838555314743694,
    "number_high_confidence_predictions": 417844,
    "overall_confusion_matrix": [
        [
            140170,
            3600,
            5106
        ],
        [
            2111,
            143434,
            3331
        ],
        [
            3480,
            4538,
            140858
        ]
    ]
}