{
    "random_state": 42,
    "overall_accuracy": 0.7194835680751174,
    "overall_precision": 0.7202274030920436,
    "overall_recall": 0.7194835680751174,
    "overall_f1": 0.718525934682757,
    "cv_accuracies": [
        0.73828125,
        0.72265625,
        0.75,
        0.7421875,
        0.70703125,
        0.69140625,
        0.6509803921568628,
        0.7254901960784313,
        0.7529411764705882,
        0.7137254901960784
    ],
    "mean_cv_accuracy": 0.7194699754901961,
    "std_cv_accuracy": 0.029385142126653205,
    "cv_precisions": [
        0.7379673775315165,
        0.7221477531382243,
        0.7505882391334854,
        0.7434336649734828,
        0.7127259148618372,
        0.6898478266808731,
        0.6510848535102266,
        0.7262973137973138,
        0.7547619047619047,
        0.7143726023299194
    ],
    "mean_cv_precision": 0.7203227450718783,
    "std_cv_precision": 0.02966858937818066,
    "cv_recalls": [
        0.7382124943000455,
        0.722389420884633,
        0.7501595987232103,
        0.7419972640218878,
        0.7074783401732786,
        0.6918376652986776,
        0.6509803921568628,
        0.7254901960784315,
        0.7529411764705882,
        0.7137254901960784
    ],
    "mean_cv_recall": 0.7195212038303694,
    "std_cv_recall": 0.029320370058472555,
    "cv_f1s": [
        0.7380244051643645,
        0.7216714178830869,
        0.7485580312441927,
        0.7422438672438672,
        0.7064374883623138,
        0.6885641878514295,
        0.6447747174499288,
        0.72538401769171,
        0.7533186898571514,
        0.7125123601783541
    ],
    "mean_cv_f1": 0.7181489182926398,
    "std_cv_f1": 0.031032146550639947,
    "feature_importances": {
        "team_id": 0.05362662818934799,
        "opponent_id": 0.053536613115973644,
        "team_ELO_before": 0.0957901788486819,
        "opponent_ELO_before": 0.0925911576259034,
        "opponent_rest_days": 0.06129416600611015,
        "team_rest_days": 0.0604466986012084,
        "is_home": 0.00842694462036655,
        "team_h2h_win_percent": 0.06559402287263327,
        "opponent_h2h_win_percent": 0.06544798932314737,
        "team_ppg": 0.09383525284205224,
        "opponent_ppg": 0.10439438964067012,
        "team_ppg_mc": 0.07610403337494118,
        "opponent_ppg_mc": 0.07651839717999545,
        "team_home_advantage": 0.04554592553998821,
        "opponent_home_advantage": 0.04684760221898008
    },
    "high_confidence_threshold": 0.51,
    "high_confidence_accuracy": 0.8791079812206573,
    "high_confidence_precision": 0.8727394794488301,
    "high_confidence_recall": 0.8746531753586888,
    "high_confidence_f1": 0.8727810980057021,
    "number_high_confidence_predictions": 1704,
    "overall_confusion_matrix": [
        [
            619,
            106,
            127
        ],
        [
            74,
            671,
            107
        ],
        [
            124,
            179,
            549
        ]
    ]
}