{
    "model_name": "/root/barnard/ML/Models/spain_la_liga/Training-Results/Match-Result/v6-actual-spree-rs42/v6-actual-spree-rs42.joblib",
    "accuracy": 0.675,
    "precision_macro": 0.628411306042885,
    "recall_macro": 0.6419413919413919,
    "f1_score_macro": 0.6324231324231324,
    "classification_report": {
        "0": {
            "precision": 0.4444444444444444,
            "recall": 0.38095238095238093,
            "f1-score": 0.41025641025641024,
            "support": 21.0
        },
        "1": {
            "precision": 0.625,
            "recall": 0.75,
            "f1-score": 0.6818181818181818,
            "support": 20.0
        },
        "2": {
            "precision": 0.8157894736842105,
            "recall": 0.7948717948717948,
            "f1-score": 0.8051948051948052,
            "support": 39.0
        },
        "accuracy": 0.675,
        "macro avg": {
            "precision": 0.628411306042885,
            "recall": 0.6419413919413919,
            "f1-score": 0.6324231324231324,
            "support": 80.0
        },
        "weighted avg": {
            "precision": 0.6706140350877192,
            "recall": 0.675,
            "f1-score": 0.6706793206793207,
            "support": 80.0
        }
    },
    "confusion_matrix": [
        [
            8,
            7,
            6
        ],
        [
            4,
            15,
            1
        ],
        [
            6,
            2,
            31
        ]
    ]
}