{
    "model_name": "v6-taupe-glide-rs42",
    "accuracy": 0.6666666666666666,
    "precision_macro": 0.6638528138528138,
    "recall_macro": 0.629451566951567,
    "f1_score_macro": 0.6082234777150032,
    "classification_report": {
        "0": {
            "precision": 0.7142857142857143,
            "recall": 0.2777777777777778,
            "f1-score": 0.4,
            "support": 18.0
        },
        "1": {
            "precision": 0.55,
            "recall": 0.6875,
            "f1-score": 0.6111111111111112,
            "support": 16.0
        },
        "2": {
            "precision": 0.7272727272727273,
            "recall": 0.9230769230769231,
            "f1-score": 0.8135593220338984,
            "support": 26.0
        },
        "accuracy": 0.6666666666666666,
        "macro avg": {
            "precision": 0.6638528138528138,
            "recall": 0.629451566951567,
            "f1-score": 0.6082234777150032,
            "support": 60.0
        },
        "weighted avg": {
            "precision": 0.6761038961038961,
            "recall": 0.6666666666666666,
            "f1-score": 0.6355053358443189,
            "support": 60.0
        }
    },
    "confusion_matrix": [
        [
            5,
            7,
            6
        ],
        [
            2,
            11,
            3
        ],
        [
            0,
            2,
            24
        ]
    ]
}