team_name,Accuracy
AC Milan,100.0
Hellas Verona,100.0
Udinese,100.0
Napoli,100.0
Venezia,100.0
Inter Milan,75.0
Genoa,66.66666666666666
Atalanta,66.66666666666666
Lazio,66.66666666666666
Cagliari,66.66666666666666
Parma,66.66666666666666
Roma,66.66666666666666
Juventus,66.66666666666666
Empoli,50.0
Fiorentina,50.0
Como,50.0
Lecce,50.0
Torino,33.33333333333333
Bologna,33.33333333333333
Monza,25.0
