{
    "random_state": 42,
    "overall_accuracy": 0.6990740740740741,
    "overall_precision": 0.6980870560691074,
    "overall_recall": 0.6990740740740741,
    "overall_f1": 0.6982431570130402,
    "cv_accuracies": [
        0.6921850079744817,
        0.682615629984051,
        0.6905901116427432,
        0.7240829346092504,
        0.6996805111821086,
        0.6773162939297125,
        0.7284345047923323,
        0.694888178913738,
        0.7012779552715654,
        0.6996805111821086
    ],
    "mean_cv_accuracy": 0.6990751639482091,
    "std_cv_accuracy": 0.01540879799609576,
    "cv_precisions": [
        0.6921070992499564,
        0.6815820992249778,
        0.6875859720955736,
        0.7230824372759858,
        0.7020901866158988,
        0.6755824311878124,
        0.7280199778155385,
        0.6944694065021167,
        0.7007353214966203,
        0.6977205605771127
    ],
    "mean_cv_precision": 0.6982975492041593,
    "std_cv_precision": 0.015752683178725503,
    "cv_recalls": [
        0.6921850079744817,
        0.682615629984051,
        0.6905901116427433,
        0.7240829346092504,
        0.6996917556128083,
        0.6771485093853515,
        0.7284842350631825,
        0.6948917310759416,
        0.7012713164028953,
        0.6998604465709728
    ],
    "mean_cv_recall": 0.6990821678321678,
    "std_cv_recall": 0.015442692179867136,
    "cv_f1s": [
        0.6917306494483605,
        0.6817668465922053,
        0.6867919396161541,
        0.7233838975627918,
        0.7002022611590796,
        0.6754880358144195,
        0.7276129473345718,
        0.6946144713229098,
        0.699989152537387,
        0.6969802510521999
    ],
    "mean_cv_f1": 0.697856045244008,
    "std_cv_f1": 0.015740391433924247,
    "feature_importances": {
        "team_id": 0.058490185738654984,
        "opponent_id": 0.05927992273787551,
        "team_ELO_before": 0.090887288130614,
        "opponent_ELO_before": 0.09138142518261139,
        "odds_draw": 0.097736490061184,
        "opponent_rest_days": 0.04667865588492023,
        "team_rest_days": 0.0468673257498344,
        "is_home": 0.012661327087137169,
        "team_h2h_win_percent": 0.06634722091709744,
        "opponent_h2h_win_percent": 0.06690147290705961,
        "pre_match_home_ppg": 0.0806907813127459,
        "pre_match_away_ppg": 0.08068391581369692,
        "pre_match_home_xg": 0.05381625723162231,
        "pre_match_away_xg": 0.05514676328121295,
        "team_home_advantage": 0.04573008157715494,
        "opponent_home_advantage": 0.046700886386578246
    },
    "high_confidence_threshold": 0.51,
    "high_confidence_accuracy": 0.8934314527119106,
    "high_confidence_precision": 0.8832627023616396,
    "high_confidence_recall": 0.8894441906413814,
    "high_confidence_f1": 0.8849369302329216,
    "number_high_confidence_predictions": 3669,
    "overall_confusion_matrix": [
        [
            1497,
            239,
            352
        ],
        [
            217,
            1572,
            299
        ],
        [
            413,
            365,
            1310
        ]
    ]
}