{
    "random_state": 42,
    "overall_accuracy": 0.694683908045977,
    "overall_precision": 0.6942024851234257,
    "overall_recall": 0.694683908045977,
    "overall_f1": 0.6939491821735091,
    "cv_accuracies": [
        0.6666666666666666,
        0.6953405017921147,
        0.6953405017921147,
        0.7025089605734767,
        0.7266187050359713,
        0.6870503597122302,
        0.7194244604316546,
        0.737410071942446,
        0.6330935251798561,
        0.6834532374100719
    ],
    "mean_cv_accuracy": 0.6946906990536602,
    "std_cv_accuracy": 0.028778958612537535,
    "cv_precisions": [
        0.6665870078078259,
        0.6958570694195281,
        0.6946769418679531,
        0.7027998940418535,
        0.7258845324812341,
        0.6880644000719554,
        0.7196440923096272,
        0.7400848181659101,
        0.6331329016342891,
        0.6832490700026733
    ],
    "mean_cv_precision": 0.6949980727802849,
    "std_cv_precision": 0.029114475082922274,
    "cv_recalls": [
        0.6666666666666666,
        0.6953405017921147,
        0.6953405017921147,
        0.7025089605734767,
        0.7268583450210379,
        0.6874707807386629,
        0.7194561321489793,
        0.7374551971326165,
        0.632967118591242,
        0.6833021661212405
    ],
    "mean_cv_recall": 0.6947366370578152,
    "std_cv_recall": 0.02883714218845211,
    "cv_f1s": [
        0.6653907408515704,
        0.6941181997361773,
        0.6946402027923767,
        0.7020655329170774,
        0.7257702728906917,
        0.6849747959245227,
        0.7194927774886595,
        0.7358363217710889,
        0.6330374666691803,
        0.6832627767707247
    ],
    "mean_cv_f1": 0.6938589087812069,
    "std_cv_f1": 0.028646901748865066,
    "feature_importances": {
        "team_id": 0.05751796024437487,
        "opponent_id": 0.05798895554014834,
        "team_ELO_before": 0.094589967630167,
        "opponent_ELO_before": 0.09880123737145295,
        "opponent_rest_days": 0.047704929197830315,
        "team_rest_days": 0.04821217858041949,
        "is_home": 0.01112100691408589,
        "team_h2h_win_percent": 0.06926749216262382,
        "opponent_h2h_win_percent": 0.06701604837206232,
        "team_ppg": 0.09159106346838893,
        "opponent_ppg": 0.09254307377811856,
        "team_ppg_mc": 0.08095100604169339,
        "opponent_ppg_mc": 0.08073698426370488,
        "team_home_advantage": 0.05062569394787938,
        "opponent_home_advantage": 0.051332402487049913
    },
    "high_confidence_threshold": 0.51,
    "high_confidence_accuracy": 0.8696179502728927,
    "high_confidence_precision": 0.8565165618448637,
    "high_confidence_recall": 0.8673179639397027,
    "high_confidence_f1": 0.8602196136397269,
    "number_high_confidence_predictions": 1649,
    "overall_confusion_matrix": [
        [
            657,
            119,
            152
        ],
        [
            98,
            693,
            137
        ],
        [
            162,
            182,
            584
        ]
    ]
}