{
    "random_state": 42,
    "overall_accuracy": 0.7893450635386119,
    "overall_precision": 0.7915965023544302,
    "overall_recall": 0.789345063538612,
    "overall_f1": 0.788721570766643,
    "cv_accuracies": [
        0.7365853658536585,
        0.7414634146341463,
        0.8292682926829268,
        0.8195121951219512,
        0.775609756097561,
        0.848780487804878,
        0.7794117647058824,
        0.8382352941176471,
        0.8186274509803921,
        0.7058823529411765
    ],
    "mean_cv_accuracy": 0.789337637494022,
    "std_cv_accuracy": 0.046490636883115874,
    "cv_precisions": [
        0.7380985564537245,
        0.7432891414141413,
        0.8310359231411862,
        0.8239858119875961,
        0.7782865282865283,
        0.8575304325304325,
        0.7836402289240182,
        0.8399111967046489,
        0.8197584541062802,
        0.7119805481874448
    ],
    "mean_cv_precision": 0.7927516821736,
    "std_cv_precision": 0.046734000944239365,
    "cv_recalls": [
        0.7367860187553282,
        0.7415458937198068,
        0.8289997158283603,
        0.819337880079568,
        0.7756464904802501,
        0.8487496447854505,
        0.7794117647058824,
        0.8382352941176471,
        0.818627450980392,
        0.7058823529411765
    ],
    "mean_cv_recall": 0.7893222506393862,
    "std_cv_recall": 0.04642007285127372,
    "cv_f1s": [
        0.7360775934305347,
        0.7414745748079081,
        0.8289007712163059,
        0.8195925659217634,
        0.7749411927494118,
        0.8484738621796012,
        0.7791082297080116,
        0.8377622377622377,
        0.8174430116720263,
        0.7013434122941763
    ],
    "mean_cv_f1": 0.7885117451741976,
    "std_cv_f1": 0.04721029065631643,
    "feature_importances": {
        "team_id": 0.04876092742544366,
        "opponent_id": 0.04683093918011425,
        "team_ELO_before": 0.09621352790825487,
        "opponent_ELO_before": 0.09392928372967023,
        "opponent_rest_days": 0.054246214039891674,
        "team_rest_days": 0.05033918875307429,
        "is_home": 0.027629713172468196,
        "team_h2h_win_percent": 0.06402272255176217,
        "opponent_h2h_win_percent": 0.06682662674783535,
        "team_ppg": 0.1071099355958337,
        "opponent_ppg": 0.09892584450581743,
        "team_ppg_mc": 0.07073729129945232,
        "opponent_ppg_mc": 0.07094889742765291,
        "team_home_advantage": 0.053061402091955964,
        "opponent_home_advantage": 0.05041748557077297
    },
    "high_confidence_threshold": 0.51,
    "high_confidence_accuracy": 0.9,
    "high_confidence_precision": 0.8979123533471359,
    "high_confidence_recall": 0.9001834987512537,
    "high_confidence_f1": 0.8976395054049974,
    "number_high_confidence_predictions": 1510,
    "overall_confusion_matrix": [
        [
            525,
            78,
            79
        ],
        [
            39,
            588,
            55
        ],
        [
            71,
            109,
            502
        ]
    ]
}