{
    "model_name": "/root/barnard/ML/Models/belgium_pro_league/Training-Results/Match-Result/v6-primo-dip-rs42/v6-primo-dip-rs42.joblib",
    "accuracy": 0.4861111111111111,
    "precision_macro": 0.35578075623842215,
    "recall_macro": 0.39532163742690063,
    "f1_score_macro": 0.36420180864625307,
    "classification_report": {
        "0": {
            "precision": 0.14285714285714285,
            "recall": 0.05263157894736842,
            "f1-score": 0.07692307692307693,
            "support": 19.0
        },
        "1": {
            "precision": 0.3157894736842105,
            "recall": 0.3333333333333333,
            "f1-score": 0.32432432432432434,
            "support": 18.0
        },
        "2": {
            "precision": 0.6086956521739131,
            "recall": 0.8,
            "f1-score": 0.691358024691358,
            "support": 35.0
        },
        "accuracy": 0.4861111111111111,
        "macro avg": {
            "precision": 0.35578075623842215,
            "recall": 0.39532163742690063,
            "f1-score": 0.36420180864625307,
            "support": 72.0
        },
        "weighted avg": {
            "precision": 0.4125395009262286,
            "recall": 0.4861111111111111,
            "f1-score": 0.4374570439385254,
            "support": 72.0
        }
    },
    "confusion_matrix": [
        [
            1,
            8,
            10
        ],
        [
            4,
            6,
            8
        ],
        [
            2,
            5,
            28
        ]
    ]
}