{
    "random_state": 42,
    "overall_accuracy": 0.7017937219730942,
    "overall_precision": 0.7013758968147169,
    "overall_recall": 0.7017937219730941,
    "overall_f1": 0.7009851787798399,
    "cv_accuracies": [
        0.7201492537313433,
        0.6791044776119403,
        0.6747663551401869,
        0.7009345794392523,
        0.7177570093457943,
        0.7476635514018691,
        0.697196261682243,
        0.708411214953271,
        0.719626168224299,
        0.6523364485981309
    ],
    "mean_cv_accuracy": 0.7017945320128331,
    "std_cv_accuracy": 0.026020679683831316,
    "cv_precisions": [
        0.7203950889102946,
        0.6775972512278147,
        0.6752658891557514,
        0.7011593196353955,
        0.7181138306138307,
        0.7478086955043187,
        0.6971306230001882,
        0.7087202930216443,
        0.7199800379222686,
        0.6523092641111807
    ],
    "mean_cv_precision": 0.7018480293102687,
    "std_cv_precision": 0.02620778168262043,
    "cv_recalls": [
        0.7200636076412863,
        0.6789069529010524,
        0.6747431632247399,
        0.7010963948695416,
        0.7178561714058543,
        0.7477664093068022,
        0.6973092293850564,
        0.7085137990919171,
        0.7195405184859708,
        0.6522189441968489
    ],
    "mean_cv_recall": 0.701801519050907,
    "std_cv_recall": 0.02607523548768173,
    "cv_f1s": [
        0.7195051061176821,
        0.6769757727652465,
        0.6743441691847382,
        0.697824629149105,
        0.7170382942339928,
        0.7471916273640412,
        0.6971212507648313,
        0.7082977820968561,
        0.7190124137086529,
        0.6512894690711556
    ],
    "mean_cv_f1": 0.7008600514456301,
    "std_cv_f1": 0.02625795586035587,
    "feature_importances": {
        "team_id": 0.06098266818581381,
        "opponent_id": 0.06098561778791241,
        "team_ELO_before": 0.09295620526514625,
        "opponent_ELO_before": 0.09352871369753807,
        "opponent_rest_days": 0.05125984379372215,
        "team_rest_days": 0.05304442399661767,
        "is_home": 0.00878888533620482,
        "team_h2h_win_percent": 0.06873690455025518,
        "opponent_h2h_win_percent": 0.0682483117160128,
        "team_ppg": 0.09353592358578597,
        "opponent_ppg": 0.09593311226569856,
        "team_ppg_mc": 0.07924843981342303,
        "opponent_ppg_mc": 0.07874795314842317,
        "team_home_advantage": 0.04689491365549436,
        "opponent_home_advantage": 0.04710808320195177
    },
    "high_confidence_threshold": 0.51,
    "high_confidence_accuracy": 0.9016549968173138,
    "high_confidence_precision": 0.8862018291465072,
    "high_confidence_recall": 0.8995358194112623,
    "high_confidence_f1": 0.8907705347663897,
    "number_high_confidence_predictions": 3142,
    "overall_confusion_matrix": [
        [
            1242,
            235,
            307
        ],
        [
            171,
            1369,
            244
        ],
        [
            311,
            328,
            1145
        ]
    ]
}