{
    "random_state": 42,
    "overall_accuracy": 0.7396078431372549,
    "overall_precision": 0.7393581152233398,
    "overall_recall": 0.7396078431372549,
    "overall_f1": 0.7387577431776328,
    "cv_accuracies": [
        0.7411764705882353,
        0.7137254901960784,
        0.792156862745098,
        0.7450980392156863,
        0.7294117647058823,
        0.7764705882352941,
        0.7333333333333333,
        0.7254901960784313,
        0.7450980392156863,
        0.6941176470588235
    ],
    "mean_cv_accuracy": 0.7396078431372549,
    "std_cv_accuracy": 0.026953474945003268,
    "cv_precisions": [
        0.7417919245505452,
        0.7161476725521668,
        0.7933976592513178,
        0.7439518945346605,
        0.731108883802197,
        0.7766884531590414,
        0.733305025694626,
        0.7267869806769238,
        0.7454212454212454,
        0.6917042849284653
    ],
    "mean_cv_precision": 0.7400304024571189,
    "std_cv_precision": 0.02728631499182016,
    "cv_recalls": [
        0.7411764705882353,
        0.7137254901960784,
        0.792156862745098,
        0.7450980392156863,
        0.7294117647058824,
        0.7764705882352941,
        0.7333333333333334,
        0.7254901960784313,
        0.7450980392156863,
        0.6941176470588234
    ],
    "mean_cv_recall": 0.7396078431372549,
    "std_cv_recall": 0.026953474945003282,
    "cv_f1s": [
        0.7407993803884801,
        0.7135971786833856,
        0.7923017601161314,
        0.7438415633330887,
        0.7254162181756308,
        0.7761208725914609,
        0.732965468355668,
        0.7250724176478748,
        0.744805842859735,
        0.6894216894216894
    ],
    "mean_cv_f1": 0.7384342391573144,
    "std_cv_f1": 0.02791853638419755,
    "feature_importances": {
        "team_id": 0.0419285511727991,
        "opponent_id": 0.043845351030559546,
        "team_ELO_before": 0.10008425231253985,
        "opponent_ELO_before": 0.10611139828795432,
        "opponent_rest_days": 0.05169671933095221,
        "team_rest_days": 0.05077429217231736,
        "is_home": 0.018564308664663565,
        "team_h2h_win_percent": 0.06944153566459241,
        "opponent_h2h_win_percent": 0.07149803464544702,
        "team_ppg": 0.09131526390194872,
        "opponent_ppg": 0.09154955199001198,
        "team_ppg_mc": 0.07848656093193676,
        "opponent_ppg_mc": 0.07645456341230075,
        "team_home_advantage": 0.05636627207182121,
        "opponent_home_advantage": 0.0518833444101552
    },
    "high_confidence_threshold": 0.51,
    "high_confidence_accuracy": 0.8885135135135135,
    "high_confidence_precision": 0.886266461412082,
    "high_confidence_recall": 0.8871706504035913,
    "high_confidence_f1": 0.88553223616587,
    "number_high_confidence_predictions": 1776,
    "overall_confusion_matrix": [
        [
            626,
            94,
            130
        ],
        [
            93,
            684,
            73
        ],
        [
            147,
            127,
            576
        ]
    ]
}