{
    "random_state": 42,
    "overall_accuracy": 0.731693028705331,
    "overall_precision": 0.7311050662003229,
    "overall_recall": 0.731693028705331,
    "overall_f1": 0.7307600734520009,
    "cv_accuracies": [
        0.7335285505124451,
        0.7174231332357247,
        0.7306002928257687,
        0.7569546120058566,
        0.7525622254758418,
        0.7364568081991215,
        0.7320644216691069,
        0.7232796486090776,
        0.718475073313783,
        0.7155425219941349
    ],
    "mean_cv_accuracy": 0.7316887287840861,
    "std_cv_accuracy": 0.013457464890265202,
    "cv_precisions": [
        0.7320968840475718,
        0.7188623878015751,
        0.7296905836110305,
        0.7584070296531394,
        0.7520187894434883,
        0.736196601972003,
        0.7326381590967473,
        0.7229852844162904,
        0.7175916413477254,
        0.7150569929251049
    ],
    "mean_cv_precision": 0.7315544354314676,
    "std_cv_precision": 0.013667434334510587,
    "cv_recalls": [
        0.7334415333487905,
        0.7174176262977561,
        0.7305690805574877,
        0.7568719890769509,
        0.7524795836875596,
        0.7363977123425304,
        0.7321985212664556,
        0.7233943890563413,
        0.718493185975217,
        0.7156722570007986
    ],
    "mean_cv_recall": 0.7316935878609888,
    "std_cv_recall": 0.01340271061058716,
    "cv_f1s": [
        0.7318087874365843,
        0.7158813291377735,
        0.7298172183717612,
        0.7564355875814366,
        0.7513463993817181,
        0.7359530540928777,
        0.7307426277866722,
        0.7226908005224856,
        0.7175471483252744,
        0.7144048343473699
    ],
    "mean_cv_f1": 0.7306627786983954,
    "std_cv_f1": 0.013566339749429304,
    "feature_importances": {
        "team_id": 0.05475157167109036,
        "opponent_id": 0.0552671093738953,
        "team_ELO_before": 0.08986477524148917,
        "opponent_ELO_before": 0.091071116034192,
        "odds_draw": 0.08376517777368893,
        "opponent_rest_days": 0.04510990111201522,
        "team_rest_days": 0.04390920425424548,
        "is_home": 0.01697055355538315,
        "team_h2h_win_percent": 0.06191645543326261,
        "opponent_h2h_win_percent": 0.062299285048948196,
        "team_ppg": 0.08323299086935312,
        "opponent_ppg": 0.08195061317330804,
        "team_ppg_mc": 0.06999330988803307,
        "opponent_ppg_mc": 0.07114719073807471,
        "team_home_advantage": 0.04395415696592212,
        "opponent_home_advantage": 0.04479658886709849
    },
    "high_confidence_threshold": 0.51,
    "high_confidence_accuracy": 0.8803912850155625,
    "high_confidence_precision": 0.876892253172873,
    "high_confidence_recall": 0.8799649673280033,
    "high_confidence_f1": 0.8763358089231758,
    "number_high_confidence_predictions": 4498,
    "overall_confusion_matrix": [
        [
            1609,
            304,
            363
        ],
        [
            225,
            1838,
            213
        ],
        [
            418,
            309,
            1549
        ]
    ]
}